Episode Num,Action,Timestep,SoC,Is Charging,Episode Reward,Latitude,Longitude
0, ,0,10.0,False,0,42.98881506714761,-81.22807778867828
0,1144,1,9.74,True,-600.0,42.9885882121853,-81.24033542181826
0,2747,2,9.95,True,-1211.88,42.98799,-81.24605
0,2747,3,10.16,True,-1812.36,42.98799,-81.24605
0,2747,4,10.37,True,-2402.54,42.98799,-81.24605
0,1417,5,10.57,True,-2982.82,42.983382,-81.242847
0,2747,6,10.78,True,-3554.38,42.98799,-81.24605
0,2747,7,10.99,True,-4116.02,42.98799,-81.24605
0,2747,8,11.2,True,-4668.87,42.98799,-81.24605
0,2747,9,11.41,True,-5213.25,42.98799,-81.24605
0,2747,10,11.62,True,-5749.48,42.98799,-81.24605
0,1144,11,11.82,True,-6277.85,42.988487,-81.245845
0,383,12,12.03,True,-6798.61,42.988279,-81.24606
0,2747,13,12.24,True,-7312.04,42.98799,-81.24605
0,1417,14,12.45,True,-7818.42,42.983382,-81.242847
0,2747,15,12.66,True,-8318.76,42.98799,-81.24605
0,1143,16,12.87,True,-8811.7,42.98825,-81.24585
0,1417,17,13.07,True,-9298.24,42.983382,-81.242847
0,2747,18,13.28,True,-9779.38,42.98799,-81.24605
0,2747,19,13.49,True,-10253.72,42.98799,-81.24605
0,0,20,13.7,False,-10722.26,42.992210415558645,-81.2568805371404
0,1143,21,13.44,True,-11183.47,42.988244088813126,-81.24587322474557
0,2747,22,13.65,True,-11653.43,42.98799,-81.24605
0,1143,23,13.86,True,-12117.71,42.98825,-81.24585
0,383,24,14.06,True,-12576.48,42.988279,-81.24606
0,2747,25,14.27,True,-13029.87,42.98799,-81.24605
0,0,26,14.48,False,-13478.11,42.992210415558645,-81.2568805371404
0,2747,27,14.22,True,-13919.62,42.98799,-81.24605
0,1143,28,14.43,True,-14369.13,42.98825,-81.24585
0,2747,29,14.64,True,-14813.56,42.98799,-81.24605
0,2747,30,14.85,True,-15253.05,42.98799,-81.24605
0,1145,31,15.05,True,-15687.75,42.988282,-81.245956
0,2747,32,15.26,True,-16117.78,42.98799,-81.24605
0,1417,33,15.47,True,-16543.28,42.983382,-81.242847
0,2747,34,15.68,True,-16965.17,42.98799,-81.24605
0,1143,35,15.89,True,-17381.97,42.98825,-81.24585
0,2747,36,16.1,True,-17794.59,42.98799,-81.24605
0,679,37,16.3,True,-18203.13,42.9852056,-81.2447222
0,383,38,16.51,True,-18608.11,42.988279,-81.24606
0,1144,39,16.72,True,-19008.79,42.988487,-81.245845
0,2747,40,16.93,True,-19405.7,42.98799,-81.24605
0,2747,41,17.14,True,-19798.95,42.98799,-81.24605
0,2747,42,17.35,True,-20188.61,42.98799,-81.24605
0,1143,43,17.55,True,-20574.77,42.98825,-81.24585
0,2747,44,17.76,True,-20957.5,42.98799,-81.24605
0,1219,45,17.97,True,-21336.9,42.98558940077169,-81.23423291715007
0,2747,46,18.18,True,-21714.67,42.98799803874399,-81.24604696540034
0,383,47,18.39,True,-22087.61,42.988279,-81.24606
0,0,48,18.6,False,-22457.4,42.99249558584973,-81.25689335496635
0,2747,49,18.34,True,-22822.48,42.98804951093136,-81.24623163534399
0,383,50,18.54,True,-23193.04,42.988279,-81.24606
0,1145,51,18.75,True,-23560.54,42.988282,-81.245956
0,2747,52,18.96,True,-23925.06,42.98799,-81.24605
0,2747,53,19.17,True,-24286.66,42.98799,-81.24605
0,2747,54,19.38,True,-24645.39,42.98799,-81.24605
0,2747,55,19.59,True,-25001.32,42.98799,-81.24605
0,679,56,19.79,True,-25354.51,42.9852056,-81.2447222
0,1219,57,20.0,True,-25705.41,42.984932845721346,-81.23246702421581
0,2747,58,20.21,True,-26055.19,42.98758006136452,-81.24418587092069
0,2747,59,20.42,True,-26400.74,42.98799,-81.24605
0,1219,60,20.63,True,-26743.51,42.98558940077169,-81.23423291715007
0,2747,61,20.83,True,-27085.44,42.98799803874399,-81.24604696540034
0,2747,62,21.04,True,-27423.31,42.98799,-81.24605
0,2747,63,21.25,True,-27758.8,42.98799,-81.24605
0,1219,64,21.46,True,-28091.96,42.98558940077169,-81.23423291715007
0,2747,65,21.67,True,-28424.48,42.98799803874399,-81.24604696540034
0,2747,66,21.88,True,-28753.12,42.98799,-81.24605
0,1219,67,22.08,True,-29079.57,42.98558940077169,-81.23423291715007
0,2747,68,22.29,True,-29405.49,42.98799803874399,-81.24604696540034
0,2747,69,22.5,True,-29727.66,42.98799,-81.24605
0,1143,70,22.71,True,-30047.76,42.98825,-81.24585
0,1143,71,22.92,True,-30365.81,42.98825,-81.24585
0,1417,72,23.13,True,-30681.87,42.983382,-81.242847
0,942,73,23.33,True,-30996.75,42.984866,-81.230868
0,383,74,23.54,True,-31311.02,42.98750884481903,-81.24258866380612
0,1145,75,23.75,True,-31621.74,42.988282,-81.245956
0,2747,76,23.96,True,-31930.13,42.98799,-81.24605
0,2747,77,24.17,True,-32236.7,42.98799,-81.24605
0,2747,78,24.38,True,-32541.47,42.98799,-81.24605
0,2747,79,24.58,True,-32844.47,42.98799,-81.24605
0,0,80,24.79,False,-33145.73,42.992210415558645,-81.2568805371404
0,1145,81,24.53,True,-33443.61,42.988282,-81.245956
0,1219,82,24.74,True,-33745.29,42.98565831746327,-81.2342272027259
0,2747,83,24.95,True,-34046.9,42.98799,-81.24605
0,383,84,25.16,True,-34345.19,42.988279,-81.24606
0,1219,85,25.37,True,-34641.79,42.985673779722724,-81.23432356837455
0,2747,86,25.57,True,-34938.41,42.98799,-81.24605
0,383,87,25.78,True,-35231.8,42.988279,-81.24606
0,942,88,25.99,True,-35523.59,42.9856365109836,-81.23433904114917
0,2747,89,26.2,True,-35815.47,42.98799,-81.24605
0,2747,90,26.41,True,-36104.19,42.98799,-81.24605
0,0,91,26.62,False,-36391.42,42.992210415558645,-81.2568805371404
0,2747,92,26.36,True,-36675.48,42.98799,-81.24605
0,2747,93,26.56,True,-36963.07,42.98799,-81.24605
0,1417,94,26.77,True,-37249.18,42.983382,-81.242847
0,1143,95,26.98,True,-37534.61,42.98825,-81.24585
0,2747,96,27.19,True,-37817.81,42.98799,-81.24605
0,2747,97,27.4,True,-38099.59,42.98799,-81.24605
0,1417,98,27.61,True,-38379.97,42.983382,-81.242847
0,679,99,27.81,True,-38659.76,42.9852056,-81.2447222
0,2747,100,28.02,True,-38937.82,42.98799,-81.24605
0,2747,101,28.23,True,-39214.13,42.98799,-81.24605
0,2747,102,28.44,True,-39489.12,42.98799,-81.24605
0,1144,103,28.65,True,-39762.82,42.988487,-81.245845
0,2747,104,28.86,True,-40035.22,42.98799,-81.24605
0,679,105,29.06,True,-40306.37,42.9852056,-81.2447222
0,0,106,29.27,False,-40576.69,42.98945643889439,-81.25553015324726
0,679,107,29.01,True,-40844.11,42.98519370363778,-81.24473089798205
0,2747,108,29.22,True,-41114.74,42.98799,-81.24605
0,2747,109,29.43,True,-41383.73,42.98799,-81.24605
0,1143,110,29.64,True,-41651.51,42.98825,-81.24585
0,2747,111,29.85,True,-41918.1,42.98799,-81.24605
0,1143,112,30.05,True,-42183.52,42.98825,-81.24585
0,679,113,30.26,True,-42447.77,42.9852056,-81.2447222
0,2747,114,30.47,True,-42711.28,42.98799,-81.24605
0,2747,115,30.68,True,-42973.25,42.98799,-81.24605
0,2747,116,30.89,True,-43234.11,42.98799,-81.24605
0,1144,117,31.1,True,-43493.87,42.988487,-81.245845
0,1145,118,31.3,True,-43752.53,42.988282,-81.245956
0,2747,119,31.51,True,-44010.12,42.98799,-81.24605
0,2747,120,31.72,True,-44266.67,42.98799,-81.24605
100, ,0,10.0,True,0,42.98881506714761,-81.22807778867828
100,2747,1,10.21,True,-600.0,42.98825155437772,-81.24031523275671
100,2747,2,10.42,True,-1188.36,42.98799,-81.24605
100,2747,3,10.63,True,-1766.24,42.98799,-81.24605
100,2747,4,10.83,True,-2334.72,42.98799,-81.24605
100,0,5,11.04,False,-2894.15,42.992210415558645,-81.2568805371404
100,2747,6,10.78,True,-3443.19,42.98799,-81.24605
100,2747,7,10.99,True,-4004.82,42.98799,-81.24605
100,2747,8,11.2,True,-4557.67,42.98799,-81.24605
100,1145,9,11.41,True,-5102.05,42.988282,-81.245956
100,679,10,11.62,True,-5638.27,42.9852056,-81.2447222
100,2747,11,11.82,True,-6167.04,42.98799,-81.24605
100,1219,12,12.03,True,-6687.82,42.98558940077169,-81.23423291715007
100,1417,13,12.24,True,-7202.92,42.983382,-81.242847
100,383,14,12.45,True,-7710.09,42.988279,-81.24606
100,679,15,12.66,True,-8209.61,42.9852056,-81.2447222
100,1143,16,12.87,True,-8702.96,42.98825,-81.24585
100,1417,17,13.07,True,-9189.5,42.983382,-81.242847
100,2747,18,13.28,True,-9670.63,42.98799,-81.24605
100,0,19,13.49,False,-10144.98,42.992210415558645,-81.2568805371404
100,1144,20,13.23,True,-10611.83,42.988487,-81.245845
100,2747,21,13.44,True,-11087.63,42.98799,-81.24605
100,942,22,13.65,True,-11557.59,42.98555271138585,-81.23424686325774
100,1417,23,13.86,True,-12023.51,42.983382,-81.242847
100,2747,24,14.06,True,-12483.07,42.98799,-81.24605
100,383,25,14.27,True,-12936.49,42.988279,-81.24606
100,2747,26,14.48,True,-13384.7,42.98799,-81.24605
100,2747,27,14.69,True,-13827.89,42.98799,-81.24605
100,1145,28,14.9,True,-14266.18,42.988282,-81.245956
100,1417,29,15.11,True,-14699.7,42.983382,-81.242847
100,1145,30,15.31,True,-15129.4,42.988282,-81.245956
100,0,31,15.52,False,-15553.79,42.992498013541535,-81.2567897687487
100,2747,32,15.26,True,-15972.11,42.98801781282996,-81.24615459267336
100,2747,33,15.47,True,-16397.6,42.98799,-81.24605
100,2747,34,15.68,True,-16818.7,42.98799,-81.24605
100,1143,35,15.89,True,-17235.5,42.98825,-81.24585
100,0,36,16.1,False,-17648.11,42.9924659012467,-81.25668384422387
100,1145,37,15.84,True,-18054.98,42.988282,-81.245956
100,2747,38,16.04,True,-18468.61,42.98799,-81.24605
100,2747,39,16.25,True,-18878.15,42.98799,-81.24605
100,2747,40,16.46,True,-19283.7,42.98799,-81.24605
100,0,41,16.67,False,-19685.36,42.992210415558645,-81.2568805371404
100,1145,42,16.41,True,-20081.54,42.988282,-81.245956
100,2747,43,16.62,True,-20484.13,42.98799,-81.24605
100,2747,44,16.83,True,-20882.92,42.98799,-81.24605
100,2747,45,17.03,True,-21277.99,42.98799,-81.24605
100,1145,46,17.24,True,-21669.42,42.988282,-81.245956
100,2747,47,17.45,True,-22057.29,42.98799,-81.24605
100,2747,48,17.66,True,-22441.71,42.98799,-81.24605
100,383,49,17.87,True,-22822.75,42.988279,-81.24606
100,2747,50,18.08,True,-23200.46,42.98799,-81.24605
100,1143,51,18.28,True,-23574.97,42.98825,-81.24585
100,383,52,18.49,True,-23946.34,42.988279,-81.24606
100,942,53,18.7,True,-24314.59,42.9856365109836,-81.23433904114917
100,0,54,18.91,False,-24681.48,42.989829024997974,-81.24518925273512
100,2747,55,18.65,True,-25043.75,42.98799,-81.24605
100,0,56,18.86,False,-25409.76,42.992210415558645,-81.2568805371404
100,383,57,18.6,True,-25771.12,42.988279,-81.24606
100,2747,58,18.81,True,-26137.85,42.98799,-81.24605
100,2747,59,19.01,True,-26501.62,42.98799,-81.24605
100,383,60,19.22,True,-26862.49,42.988279,-81.24606
100,942,61,19.43,True,-27220.47,42.9856365109836,-81.23433904114917
100,2747,62,19.64,True,-27577.32,42.98799,-81.24605
100,2747,63,19.85,True,-27929.81,42.98799,-81.24605
100,2747,64,20.05,True,-28279.63,42.98799,-81.24605
100,2747,65,20.26,True,-28626.83,42.98799,-81.24605
100,942,66,20.47,True,-28971.47,42.98555271138585,-81.23424686325774
100,2747,67,20.68,True,-29315.24,42.987998142266385,-81.24604687564549
100,1219,68,20.89,True,-29654.91,42.985591219039115,-81.2342321788197
100,383,69,21.1,True,-29993.8,42.98826164680665,-81.24594137738129
100,2747,70,21.3,True,-30328.68,42.98799,-81.24605
100,0,71,21.51,False,-30661.26,42.992210415558645,-81.2568805371404
100,1143,72,21.25,True,-30989.88,42.988244088813126,-81.24587322474557
100,0,73,21.46,False,-31323.03,42.99246018822812,-81.2567069248525
100,1144,74,21.2,True,-31652.21,42.988487,-81.245845
100,2747,75,21.41,True,-31985.91,42.98799,-81.24605
100,2747,76,21.62,True,-32317.33,42.98799,-81.24605
100,2747,77,21.83,True,-32646.5,42.98799,-81.24605
100,2747,78,22.03,True,-32973.47,42.98799,-81.24605
100,2747,79,22.24,True,-33298.27,42.98799,-81.24605
100,2747,80,22.45,True,-33620.94,42.98799,-81.24605
100,1143,81,22.66,True,-33941.53,42.98825,-81.24585
100,1144,82,22.87,True,-34260.08,42.988487,-81.245845
100,383,83,23.08,True,-34576.59,42.988279,-81.24606
100,679,84,23.28,True,-34891.12,42.9852056,-81.2447222
100,2747,85,23.49,True,-35204.14,42.98799,-81.24605
100,1219,86,23.7,True,-35514.86,42.98558940077169,-81.23423291715007
100,679,87,23.91,True,-35825.34,42.9852056,-81.2447222
100,1417,88,24.12,True,-36132.75,42.983382,-81.242847
100,2747,89,24.33,True,-36438.74,42.98799,-81.24605
100,942,90,24.53,True,-36742.16,42.98555271138585,-81.23424686325774
100,2747,91,24.74,True,-37045.48,42.987998142266385,-81.24604687564549
100,2747,92,24.95,True,-37345.45,42.98799,-81.24605
100,2747,93,25.16,True,-37643.72,42.98799,-81.24605
100,1219,94,25.37,True,-37940.34,42.98558940077169,-81.23423291715007
100,1144,95,25.58,True,-38236.96,42.98849557481103,-81.24583751252665
100,2747,96,25.78,True,-38530.32,42.98799,-81.24605
100,2747,97,25.99,True,-38822.12,42.98799,-81.24605
100,2747,98,26.2,True,-39112.37,42.98799,-81.24605
100,2747,99,26.41,True,-39401.08,42.98799,-81.24605
100,2747,100,26.62,True,-39688.29,42.98799,-81.24605
100,2747,101,26.83,True,-39974.02,42.98799,-81.24605
100,2747,102,27.03,True,-40258.29,42.98799,-81.24605
100,2747,103,27.24,True,-40541.12,42.98799,-81.24605
100,1143,104,27.45,True,-40822.54,42.98825,-81.24585
100,1145,105,27.66,True,-41102.57,42.988282,-81.245956
100,2747,106,27.87,True,-41381.21,42.98799,-81.24605
100,2747,107,28.08,True,-41658.51,42.98799,-81.24605
100,679,108,28.28,True,-41934.49,42.9852056,-81.2447222
100,1219,109,28.49,True,-42209.55,42.984932845721346,-81.23246702421581
100,942,110,28.7,True,-42484.83,42.984866,-81.230868
100,2747,111,28.91,True,-42759.04,42.98730363733907,-81.24267087189284
100,2747,112,29.12,True,-43030.34,42.98799,-81.24605
100,2747,113,29.33,True,-43299.94,42.98799,-81.24605
100,383,114,29.53,True,-43568.33,42.988279,-81.24606
100,383,115,29.74,True,-43835.48,42.988279,-81.24606
100,0,116,29.95,False,-44101.44,42.99249558584973,-81.25689335496635
100,2747,117,29.69,True,-44364.56,42.98804951093136,-81.24623163534399
100,2747,118,29.9,True,-44630.82,42.98799,-81.24605
100,1417,119,30.11,True,-44895.93,42.983382,-81.242847
100,2747,120,30.32,True,-45160.68,42.98799,-81.24605
200, ,0,10.0,True,0,42.98881506714761,-81.22807778867828
200,2747,1,10.21,True,-600.0,42.98825155437772,-81.24031523275671
200,679,2,10.42,True,-1188.36,42.9852056,-81.2447222
200,1145,3,10.63,True,-1766.65,42.988282,-81.245956
200,2747,4,10.83,True,-2335.11,42.98799,-81.24605
200,942,5,11.04,True,-2894.54,42.98555271138585,-81.23424686325774
200,2747,6,11.25,True,-3446.9,42.987998142266385,-81.24604687564549
200,2747,7,11.46,True,-3989.23,42.98799,-81.24605
200,942,8,11.67,True,-4523.48,42.98555271138585,-81.23424686325774
200,2747,9,11.88,True,-5051.58,42.987998142266385,-81.24604687564549
200,2747,10,12.08,True,-5570.52,42.98799,-81.24605
200,2747,11,12.29,True,-6082.2,42.98799,-81.24605
200,2747,12,12.5,True,-6586.87,42.98799,-81.24605
200,2747,13,12.71,True,-7084.76,42.98799,-81.24605
200,1417,14,12.92,True,-7576.09,42.983382,-81.242847
200,942,15,13.13,True,-8061.87,42.984866,-81.230868
200,2747,16,13.33,True,-8542.82,42.98730363733907,-81.24267087189284
200,2747,17,13.54,True,-9016.18,42.98799,-81.24605
200,2747,18,13.75,True,-9483.29,42.98799,-81.24605
200,2747,19,13.96,True,-9944.82,42.98799,-81.24605
200,1145,20,14.17,True,-10400.92,42.988282,-81.245956
200,2747,21,14.38,True,-10851.73,42.98799,-81.24605
200,1143,22,14.58,True,-11297.44,42.98825,-81.24585
200,1417,23,14.79,True,-11738.19,42.983382,-81.242847
200,2747,24,15.0,True,-12174.9,42.98799,-81.24605
200,1145,25,15.21,True,-12606.12,42.988282,-81.245956
200,1145,26,15.42,True,-13032.76,42.988282,-81.245956
200,1417,27,15.63,True,-13454.96,42.983382,-81.242847
200,2747,28,15.83,True,-13873.64,42.98799,-81.24605
200,1145,29,16.04,True,-14287.32,42.988282,-81.245956
200,2747,30,16.25,True,-14696.88,42.98799,-81.24605
200,1417,31,16.46,True,-15102.46,42.983382,-81.242847
200,383,32,16.67,True,-15504.93,42.988279,-81.24606
200,2747,33,16.88,True,-15902.8,42.98799,-81.24605
200,1143,34,17.08,True,-16296.98,42.98825,-81.24585
200,1145,35,17.29,True,-16687.55,42.988282,-81.245956
200,2747,36,17.5,True,-17074.58,42.98799,-81.24605
200,2747,37,17.71,True,-17458.19,42.98799,-81.24605
200,2747,38,17.92,True,-17838.43,42.98799,-81.24605
200,1417,39,18.13,True,-18215.38,42.983382,-81.242847
200,0,40,18.33,False,-18589.93,42.98764744479265,-81.25364395421208
200,2747,41,18.07,True,-18959.65,42.98799,-81.24605
200,2747,42,18.28,True,-19334.19,42.98799,-81.24605
200,2747,43,18.49,True,-19705.58,42.98799,-81.24605
200,1143,44,18.7,True,-20073.88,42.98825,-81.24585
200,1219,45,18.91,True,-20439.17,42.98563229220285,-81.23411873155521
200,2747,46,19.11,True,-20803.17,42.98797978590845,-81.24595559574333
200,1145,47,19.32,True,-21162.65,42.988282,-81.245956
200,1145,48,19.53,True,-21519.27,42.988282,-81.245956
200,2747,49,19.74,True,-21873.14,42.98799,-81.24605
200,2747,50,19.95,True,-22224.32,42.98799,-81.24605
200,1417,51,20.16,True,-22572.86,42.983382,-81.242847
200,383,52,20.36,True,-22919.59,42.988279,-81.24606
200,2747,53,20.57,True,-23262.98,42.98799,-81.24605
200,2747,54,20.78,True,-23603.9,42.98799,-81.24605
200,2747,55,20.99,True,-23942.38,42.98799,-81.24605
200,2747,56,21.2,True,-24278.48,42.98799,-81.24605
200,2747,57,21.41,True,-24612.23,42.98799,-81.24605
200,2747,58,21.61,True,-24943.69,42.98799,-81.24605
200,1145,59,21.82,True,-25272.9,42.988282,-81.245956
200,0,60,22.03,False,-25599.89,42.992498013541535,-81.2567897687487
200,2747,61,21.77,True,-25923.03,42.98801781282996,-81.24615459267336
200,1145,62,21.98,True,-26250.56,42.988282,-81.245956
200,1219,63,22.19,True,-26575.91,42.98565831746327,-81.2342272027259
200,2747,64,22.4,True,-26900.78,42.98799,-81.24605
200,2747,65,22.6,True,-27221.91,42.98799,-81.24605
200,1145,66,22.81,True,-27540.99,42.988282,-81.245956
200,2747,67,23.02,True,-27858.04,42.98799,-81.24605
200,2747,68,23.23,True,-28173.11,42.98799,-81.24605
200,1417,69,23.44,True,-28486.24,42.983382,-81.242847
200,2747,70,23.65,True,-28798.24,42.98799,-81.24605
200,2747,71,23.85,True,-29107.58,42.98799,-81.24605
200,2747,72,24.06,True,-29415.06,42.98799,-81.24605
200,942,73,24.27,True,-29720.74,42.98555271138585,-81.23424686325774
200,2747,74,24.48,True,-30026.27,42.987998142266385,-81.24604687564549
200,2747,75,24.69,True,-30328.4,42.98799,-81.24605
200,2747,76,24.9,True,-30628.82,42.98799,-81.24605
200,1145,77,25.1,True,-30927.54,42.988282,-81.245956
200,1219,78,25.31,True,-31224.57,42.98565831746327,-81.2342272027259
200,2747,79,25.52,True,-31521.62,42.98799,-81.24605
200,2747,80,25.73,True,-31815.42,42.98799,-81.24605
200,2747,81,25.94,True,-32107.63,42.98799,-81.24605
200,2747,82,26.15,True,-32398.29,42.98799,-81.24605
200,383,83,26.35,True,-32687.4,42.988279,-81.24606
200,942,84,26.56,True,-32974.98,42.9856365109836,-81.23433904114917
200,942,85,26.77,True,-33262.72,42.984866,-81.230868
200,383,86,26.98,True,-33549.49,42.98750884481903,-81.24258866380612
200,1145,87,27.19,True,-33833.16,42.988282,-81.245956
200,2747,88,27.4,True,-34114.94,42.98799,-81.24605
200,1417,89,27.6,True,-34395.33,42.983382,-81.242847
200,2747,90,27.81,True,-34675.13,42.98799,-81.24605
200,1219,91,28.02,True,-34952.79,42.98558940077169,-81.23423291715007
200,1145,92,28.23,True,-35230.75,42.98828595018163,-81.24593100531767
200,2747,93,28.44,True,-35505.75,42.98799,-81.24605
200,2747,94,28.65,True,-35779.45,42.98799,-81.24605
200,2747,95,28.85,True,-36051.88,42.98799,-81.24605
200,1145,96,29.06,True,-36323.05,42.988282,-81.245956
200,2747,97,29.27,True,-36592.96,42.98799,-81.24605
200,2747,98,29.48,True,-36861.66,42.98799,-81.24605
200,2747,99,29.69,True,-37129.16,42.98799,-81.24605
200,2747,100,29.9,True,-37395.46,42.98799,-81.24605
200,1219,101,30.1,True,-37660.59,42.98558940077169,-81.23423291715007
200,2747,102,30.31,True,-37926.21,42.98799803874399,-81.24604696540034
200,942,103,30.52,True,-38189.04,42.985554486861204,-81.23424623066465
200,679,104,30.73,True,-38452.39,42.9852056,-81.2447222
200,383,105,30.94,True,-38713.39,42.988279,-81.24606
200,383,106,31.15,True,-38972.86,42.988279,-81.24606
200,2747,107,31.35,True,-39231.25,42.98799,-81.24605
200,1143,108,31.56,True,-39488.6,42.98825,-81.24585
200,2747,109,31.77,True,-39744.91,42.98799,-81.24605
200,383,110,31.98,True,-40000.17,42.988279,-81.24606
200,1143,111,32.19,True,-40254.38,42.98825,-81.24585
200,2747,112,32.4,True,-40507.6,42.98799,-81.24605
200,1145,113,32.6,True,-40759.83,42.988282,-81.245956
200,2747,114,32.81,True,-41011.05,42.98799,-81.24605
200,2747,115,33.02,True,-41261.32,42.98799,-81.24605
200,1219,116,33.23,True,-41510.62,42.98558940077169,-81.23423291715007
200,383,117,33.44,True,-41760.61,42.9882616279995,-81.24594135382716
200,1219,118,33.65,True,-42008.02,42.98565009470213,-81.23420752957973
200,2747,119,33.85,True,-42256.15,42.98799734539325,-81.24604448657206
200,2747,120,34.06,True,-42501.73,42.98799,-81.24605
300, ,0,10.0,True,0,42.98881506714761,-81.22807778867828
300,2747,1,10.21,True,-600.0,42.98825155437772,-81.24031523275671
300,2747,2,10.42,True,-1188.36,42.98799,-81.24605
300,679,3,10.63,True,-1766.24,42.9852056,-81.2447222
300,2747,4,10.83,True,-2335.12,42.98799,-81.24605
300,2747,5,11.04,True,-2894.55,42.98799,-81.24605
300,1145,6,11.25,True,-3445.27,42.988282,-81.245956
300,679,7,11.46,True,-3987.59,42.9852056,-81.2447222
300,1219,8,11.67,True,-4522.24,42.984932845721346,-81.23246702421581
300,942,9,11.88,True,-5050.61,42.984866,-81.230868
300,2747,10,12.08,True,-5571.67,42.98730363733907,-81.24267087189284
300,2747,11,12.29,True,-6083.82,42.98799,-81.24605
300,2747,12,12.5,True,-6588.48,42.98799,-81.24605
300,679,13,12.71,True,-7086.37,42.9852056,-81.2447222
300,1143,14,12.92,True,-7578.11,42.98825,-81.24585
300,1143,15,13.13,True,-8063.09,42.98825,-81.24585
300,383,16,13.33,True,-8541.94,42.988279,-81.24606
300,2747,17,13.54,True,-9014.8,42.98799,-81.24605
300,942,18,13.75,True,-9481.92,42.98555271138585,-81.23424686325774
300,2747,19,13.96,True,-9945.08,42.987998142266385,-81.24604687564549
300,942,20,14.17,True,-10401.18,42.98555450217435,-81.23424617478805
300,1417,21,14.38,True,-10853.65,42.983382,-81.242847
300,942,22,14.58,True,-11300.16,42.984866,-81.230868
300,2747,23,14.79,True,-11743.01,42.98730363733907,-81.24267087189284
300,2747,24,15.0,True,-12179.4,42.98799,-81.24605
300,2747,25,15.21,True,-12610.62,42.98799,-81.24605
300,2747,26,15.42,True,-13037.27,42.98799,-81.24605
300,1417,27,15.63,True,-13459.49,42.983382,-81.242847
300,1143,28,15.83,True,-13878.17,42.98825,-81.24585
300,2747,29,16.04,True,-14291.84,42.98799,-81.24605
300,2747,30,16.25,True,-14701.42,42.98799,-81.24605
300,1219,31,16.46,True,-15107.0,42.98558940077169,-81.23423291715007
300,1144,32,16.67,True,-15510.33,42.98849557481103,-81.24583751252665
300,1145,33,16.88,True,-15908.2,42.988282,-81.245956
300,1219,34,17.08,True,-16302.37,42.98565831746327,-81.2342272027259
300,1144,35,17.29,True,-16694.57,42.988487,-81.245845
300,2747,36,17.5,True,-17081.6,42.98799,-81.24605
300,1145,37,17.71,True,-17465.2,42.988282,-81.245956
300,2747,38,17.92,True,-17845.43,42.98799,-81.24605
300,1143,39,18.13,True,-18222.39,42.98825,-81.24585
300,1219,40,18.33,True,-18596.14,42.98563229220285,-81.23411873155521
300,0,41,18.54,False,-18968.4,42.9898237589305,-81.24496969302886
300,2747,42,18.28,True,-19335.93,42.98799,-81.24605
300,2747,43,18.49,True,-19707.31,42.98799,-81.24605
300,383,44,18.7,True,-20075.62,42.988279,-81.24606
300,1144,45,18.91,True,-20440.88,42.988487,-81.245845
300,2747,46,19.11,True,-20803.21,42.98799,-81.24605
300,2747,47,19.32,True,-21162.67,42.98799,-81.24605
300,383,48,19.53,True,-21519.31,42.988279,-81.24606
300,2747,49,19.74,True,-21873.17,42.98799,-81.24605
300,1144,50,19.95,True,-22224.35,42.988487,-81.245845
300,2747,51,20.16,True,-22572.87,42.98799,-81.24605
300,0,52,20.36,False,-22918.81,42.992210415558645,-81.2568805371404
300,1143,53,20.1,True,-23260.54,42.988244088813126,-81.24587322474557
300,2747,54,20.31,True,-23607.12,42.98799,-81.24605
300,2747,55,20.52,True,-23951.15,42.98799,-81.24605
300,2747,56,20.73,True,-24292.69,42.98799,-81.24605
300,2747,57,20.94,True,-24631.77,42.98799,-81.24605
300,2747,58,21.15,True,-24968.45,42.98799,-81.24605
300,2747,59,21.35,True,-25302.79,42.98799,-81.24605
300,942,60,21.56,True,-25634.81,42.98555271138585,-81.23424686325774
300,679,61,21.77,True,-25966.22,42.9852056,-81.2447222
300,2747,62,21.98,True,-26294.17,42.98799,-81.24605
300,2747,63,22.19,True,-26619.53,42.98799,-81.24605
300,2747,64,22.4,True,-26942.76,42.98799,-81.24605
300,0,65,22.6,False,-27263.9,42.992210415558645,-81.2568805371404
300,1417,66,22.34,True,-27581.3,42.98634124592094,-81.2475837480474
300,2747,67,22.55,True,-27902.91,42.98799,-81.24605
300,942,68,22.76,True,-28222.49,42.98555271138585,-81.23424686325774
300,1219,69,22.97,True,-28541.69,42.984896,-81.230766
300,1144,70,23.18,True,-28859.38,42.98768269439862,-81.24242470152953
300,1417,71,23.39,True,-29173.45,42.983382,-81.242847
300,1417,72,23.59,True,-29485.92,42.983382,-81.242847
300,2747,73,23.8,True,-29796.51,42.98799,-81.24605
300,0,74,24.01,False,-30104.46,42.992210415558645,-81.2568805371404
300,679,75,23.75,True,-30408.9,42.986640881064055,-81.24724775802653
300,383,76,23.96,True,-30717.27,42.988279,-81.24606
300,2747,77,24.17,True,-31023.81,42.98799,-81.24605
300,383,78,24.38,True,-31328.58,42.988279,-81.24606
300,0,79,24.58,False,-31631.56,42.99249558584973,-81.25689335496635
300,2747,80,24.32,True,-31931.12,42.98804951093136,-81.24623163534399
300,1219,81,24.53,True,-32234.53,42.98563273416029,-81.23442066231127
300,1417,82,24.74,True,-32537.83,42.983382,-81.242847
300,0,83,24.95,False,-32838.6,42.98764744479265,-81.25364395421208
300,2747,84,24.69,True,-33136.0,42.98799,-81.24605
300,2747,85,24.9,True,-33436.4,42.98799,-81.24605
300,942,86,25.11,True,-33735.1,42.98555271138585,-81.23424686325774
300,2747,87,25.31,True,-34033.79,42.987998142266385,-81.24604687564549
300,2747,88,25.52,True,-34329.18,42.98799,-81.24605
300,2747,89,25.73,True,-34622.97,42.98799,-81.24605
300,2747,90,25.94,True,-34915.17,42.98799,-81.24605
300,1144,91,26.15,True,-35205.81,42.988487,-81.245845
300,1144,92,26.36,True,-35494.9,42.988487,-81.245845
300,383,93,26.56,True,-35782.47,42.988279,-81.24606
300,2747,94,26.77,True,-36068.55,42.98799,-81.24605
300,1144,95,26.98,True,-36353.19,42.988487,-81.245845
300,2747,96,27.19,True,-36636.37,42.98799,-81.24605
300,2747,97,27.4,True,-36918.15,42.98799,-81.24605
300,2747,98,27.61,True,-37198.53,42.98799,-81.24605
300,1144,99,27.81,True,-37477.54,42.988487,-81.245845
300,2747,100,28.02,True,-37755.17,42.98799,-81.24605
300,2747,101,28.23,True,-38031.48,42.98799,-81.24605
300,1144,102,28.44,True,-38306.47,42.988487,-81.245845
300,2747,103,28.65,True,-38580.15,42.98799,-81.24605
300,2747,104,28.86,True,-38852.57,42.98799,-81.24605
300,2747,105,29.06,True,-39123.73,42.98799,-81.24605
300,679,106,29.27,True,-39393.64,42.9852056,-81.2447222
300,2747,107,29.48,True,-39662.74,42.98799,-81.24605
300,2747,108,29.69,True,-39930.22,42.98799,-81.24605
300,2747,109,29.9,True,-40196.52,42.98799,-81.24605
300,942,110,30.11,True,-40461.64,42.98555271138585,-81.23424686325774
300,2747,111,30.31,True,-40727.25,42.987998142266385,-81.24604687564549
300,2747,112,30.52,True,-40990.07,42.98799,-81.24605
300,1143,113,30.73,True,-41251.76,42.98825,-81.24585
300,2747,114,30.94,True,-41512.35,42.98799,-81.24605
300,2747,115,31.15,True,-41771.84,42.98799,-81.24605
300,1417,116,31.36,True,-42030.25,42.983382,-81.242847
300,2747,117,31.56,True,-42288.39,42.98799,-81.24605
300,2747,118,31.77,True,-42544.68,42.98799,-81.24605
300,2747,119,31.98,True,-42799.93,42.98799,-81.24605
300,2747,120,32.19,True,-43054.16,42.98799,-81.24605
400, ,0,10.0,True,0,42.98881506714761,-81.22807778867828
400,2747,1,10.21,True,-600.0,42.98825155437772,-81.24031523275671
400,2747,2,10.42,True,-1188.36,42.98799,-81.24605
400,0,3,10.63,False,-1766.24,42.992210415558645,-81.2568805371404
400,679,4,10.37,True,-2333.04,42.986640881064055,-81.24724775802653
400,2747,5,10.57,True,-2913.29,42.98799,-81.24605
400,383,6,10.78,True,-3484.07,42.988279,-81.24606
400,2747,7,10.99,True,-4045.68,42.98799,-81.24605
400,2747,8,11.2,True,-4598.53,42.98799,-81.24605
400,2747,9,11.41,True,-5142.91,42.98799,-81.24605
400,1144,10,11.62,True,-5679.14,42.988487,-81.245845
400,2747,11,11.82,True,-6207.49,42.98799,-81.24605
400,942,12,12.03,True,-6728.27,42.98555271138585,-81.23424686325774
400,2747,13,12.24,True,-7243.37,42.987998142266385,-81.24604687564549
400,2747,14,12.45,True,-7749.75,42.98799,-81.24605
400,2747,15,12.66,True,-8249.3,42.98799,-81.24605
400,2747,16,12.87,True,-8742.24,42.98799,-81.24605
400,2747,17,13.07,True,-9228.78,42.98799,-81.24605
400,1144,18,13.28,True,-9709.12,42.988487,-81.245845
400,2747,19,13.49,True,-10183.45,42.98799,-81.24605
400,383,20,13.7,True,-10651.98,42.988279,-81.24606
400,0,21,13.91,False,-11114.85,42.99249558584973,-81.25689335496635
400,2747,22,13.65,True,-11570.57,42.98804951093136,-81.24623163534399
400,2747,23,13.86,True,-12034.83,42.98799,-81.24605
400,2747,24,14.06,True,-12493.59,42.98799,-81.24605
400,2747,25,14.27,True,-12947.02,42.98799,-81.24605
400,2747,26,14.48,True,-13395.25,42.98799,-81.24605
400,679,27,14.69,True,-13838.44,42.9852056,-81.2447222
400,2747,28,14.9,True,-14277.14,42.98799,-81.24605
400,2747,29,15.11,True,-14710.67,42.98799,-81.24605
400,2747,30,15.31,True,-15139.58,42.98799,-81.24605
400,942,31,15.52,True,-15563.98,42.98555271138585,-81.23424686325774
400,1219,32,15.73,True,-15985.64,42.984896,-81.230766
400,1144,33,15.94,True,-16403.51,42.98768269439862,-81.24242470152953
400,2747,34,16.15,True,-16815.57,42.98799,-81.24605
400,2747,35,16.36,True,-17223.12,42.98799,-81.24605
400,2747,36,16.56,True,-17626.73,42.98799,-81.24605
400,1145,37,16.77,True,-18026.49,42.988282,-81.245956
400,2747,38,16.98,True,-18422.48,42.98799,-81.24605
400,679,39,17.19,True,-18814.84,42.9852056,-81.2447222
400,2747,40,17.4,True,-19204.02,42.98799,-81.24605
400,679,41,17.61,True,-19589.32,42.9852056,-81.2447222
400,2747,42,17.81,True,-19971.63,42.98799,-81.24605
400,2747,43,18.02,True,-20350.2,42.98799,-81.24605
400,1145,44,18.23,True,-20725.53,42.988282,-81.245956
400,1417,45,18.44,True,-21097.68,42.983382,-81.242847
400,2747,46,18.65,True,-21467.53,42.98799,-81.24605
400,2747,47,18.86,True,-21833.57,42.98799,-81.24605
400,942,48,19.06,True,-22196.64,42.98555271138585,-81.23424686325774
400,2747,49,19.27,True,-22558.45,42.987998142266385,-81.24604687564549
400,942,50,19.48,True,-22915.79,42.98555450217435,-81.23424617478805
400,2747,51,19.69,True,-23271.99,42.987998136759494,-81.24604687776073
400,2747,52,19.9,True,-23623.83,42.98799,-81.24605
400,1144,53,20.11,True,-23973.02,42.988487,-81.245845
400,2747,54,20.31,True,-24319.58,42.98799,-81.24605
400,2747,55,20.52,True,-24663.62,42.98799,-81.24605
400,1144,56,20.73,True,-25005.15,42.988487,-81.245845
400,2747,57,20.94,True,-25344.21,42.98799,-81.24605
400,2747,58,21.15,True,-25680.9,42.98799,-81.24605
400,2747,59,21.35,True,-26015.23,42.98799,-81.24605
400,2747,60,21.56,True,-26347.26,42.98799,-81.24605
400,2747,61,21.77,True,-26677.02,42.98799,-81.24605
400,2747,62,21.98,True,-27004.56,42.98799,-81.24605
400,1417,63,22.19,True,-27329.93,42.983382,-81.242847
400,2747,64,22.4,True,-27653.95,42.98799,-81.24605
400,2747,65,22.6,True,-27975.09,42.98799,-81.24605
400,1143,66,22.81,True,-28294.17,42.98825,-81.24585
400,2747,67,23.02,True,-28611.23,42.98799,-81.24605
400,2747,68,23.23,True,-28926.3,42.98799,-81.24605
400,2747,69,23.44,True,-29239.43,42.98799,-81.24605
400,1144,70,23.65,True,-29550.64,42.988487,-81.245845
400,2747,71,23.85,True,-29859.96,42.98799,-81.24605
400,1417,72,24.06,True,-30167.45,42.983382,-81.242847
400,1417,73,24.27,True,-30473.91,42.983382,-81.242847
400,942,74,24.48,True,-30778.59,42.984866,-81.230868
400,2747,75,24.69,True,-31082.84,42.98730363733907,-81.24267087189284
400,1143,76,24.9,True,-31383.72,42.98825,-81.24585
400,2747,77,25.1,True,-31682.44,42.98799,-81.24605
400,679,78,25.31,True,-31979.49,42.9852056,-81.2447222
400,383,79,25.52,True,-32275.31,42.988279,-81.24606
400,679,80,25.73,True,-32569.08,42.9852056,-81.2447222
400,2747,81,25.94,True,-32861.7,42.98799,-81.24605
400,2747,82,26.15,True,-33152.35,42.98799,-81.24605
400,2747,83,26.35,True,-33441.47,42.98799,-81.24605
400,1143,84,26.56,True,-33729.07,42.98825,-81.24585
400,1143,85,26.77,True,-34015.19,42.98825,-81.24585
400,1145,86,26.98,True,-34299.85,42.988282,-81.245956
400,1143,87,27.19,True,-34583.04,42.98825,-81.24585
400,1145,88,27.4,True,-34864.84,42.988282,-81.245956
400,2747,89,27.6,True,-35145.21,42.98799,-81.24605
400,1144,90,27.81,True,-35424.23,42.988487,-81.245845
400,2747,91,28.02,True,-35701.87,42.98799,-81.24605
400,1144,92,28.23,True,-35978.19,42.988487,-81.245845
400,2747,93,28.44,True,-36253.17,42.98799,-81.24605
400,2747,94,28.65,True,-36526.88,42.98799,-81.24605
400,2747,95,28.85,True,-36799.31,42.98799,-81.24605
400,2747,96,29.06,True,-37070.48,42.98799,-81.24605
400,1145,97,29.27,True,-37340.4,42.988282,-81.245956
400,0,98,29.48,False,-37609.09,42.992498013541535,-81.2567897687487
400,2747,99,29.22,True,-37874.89,42.98801781282996,-81.24615459267336
400,0,100,29.43,False,-38143.88,42.992238390383775,-81.25698501755865
400,2747,101,29.17,True,-38409.98,42.98801598531472,-81.24615591469794
400,2747,102,29.38,True,-38679.27,42.98799,-81.24605
400,2747,103,29.58,True,-38947.36,42.98799,-81.24605
400,2747,104,29.79,True,-39214.25,42.98799,-81.24605
400,2747,105,30.0,True,-39479.96,42.98799,-81.24605
400,2747,106,30.21,True,-39744.51,42.98799,-81.24605
400,2747,107,30.42,True,-40007.91,42.98799,-81.24605
400,2747,108,30.63,True,-40270.17,42.98799,-81.24605
400,383,109,30.83,True,-40531.31,42.988279,-81.24606
400,383,110,31.04,True,-40791.33,42.988279,-81.24606
400,2747,111,31.25,True,-41050.25,42.98799,-81.24605
400,2747,112,31.46,True,-41308.13,42.98799,-81.24605
400,1143,113,31.67,True,-41564.95,42.98825,-81.24585
400,1219,114,31.88,True,-41820.73,42.98563229220285,-81.23411873155521
400,2747,115,32.08,True,-42077.12,42.98797978590845,-81.24595559574333
400,2747,116,32.29,True,-42330.86,42.98799,-81.24605
400,0,117,32.5,False,-42583.58,42.992210415558645,-81.2568805371404
400,2747,118,32.24,True,-42833.62,42.98799,-81.24605
400,2747,119,32.45,True,-43086.59,42.98799,-81.24605
400,942,120,32.66,True,-43338.56,42.98555271138585,-81.23424686325774
500, ,0,10.0,True,0,42.98881506714761,-81.22807778867828
500,1145,1,10.21,True,-600.0,42.98844875839298,-81.24032914561093
500,1143,2,10.42,True,-1188.34,42.98825,-81.24585
500,1145,3,10.63,True,-1766.23,42.988282,-81.245956
500,1143,4,10.83,True,-2334.69,42.98825,-81.24585
500,1143,5,11.04,True,-2894.12,42.98825,-81.24585
500,1143,6,11.25,True,-3444.84,42.98825,-81.24585
500,2747,7,11.46,True,-3987.17,42.98799,-81.24605
500,383,8,11.67,True,-4521.42,42.988279,-81.24606
500,1144,9,11.88,True,-5047.86,42.988487,-81.245845
500,1144,10,12.08,True,-5566.78,42.988487,-81.245845
500,1144,11,12.29,True,-6078.44,42.988487,-81.245845
500,679,12,12.5,True,-6583.09,42.9852056,-81.2447222
500,1219,13,12.71,True,-7081.38,42.984932845721346,-81.23246702421581
500,0,14,12.92,False,-7574.62,42.98912530986587,-81.24331714816128
500,1144,15,12.66,True,-8059.84,42.988487,-81.245845
500,1144,16,12.87,True,-8552.76,42.988487,-81.245845
500,1144,17,13.07,True,-9039.28,42.988487,-81.245845
500,1144,18,13.28,True,-9519.61,42.988487,-81.245845
500,942,19,13.49,True,-9993.94,42.98566238393239,-81.23420309427955
500,1144,20,13.7,True,-10464.11,42.988487,-81.245845
500,1144,21,13.91,True,-10926.98,42.988487,-81.245845
500,679,22,14.12,True,-11384.39,42.9852056,-81.2447222
500,1417,23,14.32,True,-11836.92,42.983382,-81.242847
500,1144,24,14.53,True,-12284.68,42.988487,-81.245845
500,2747,25,14.74,True,-12726.62,42.98799,-81.24605
500,1144,26,14.95,True,-13163.72,42.988487,-81.245845
500,1144,27,15.16,True,-13596.08,42.988487,-81.245845
500,1219,28,15.37,True,-14023.84,42.9857006543622,-81.23418599195645
500,1144,29,15.57,True,-14448.78,42.988487,-81.245845
500,1144,30,15.78,True,-14867.71,42.988487,-81.245845
500,2747,31,15.99,True,-15282.4,42.98799,-81.24605
500,1144,32,16.2,True,-15692.98,42.988487,-81.245845
500,1144,33,16.41,True,-16099.53,42.988487,-81.245845
500,1219,34,16.62,True,-16502.15,42.9857006543622,-81.23418599195645
500,1144,35,16.82,True,-16902.61,42.988487,-81.245845
500,1145,36,17.03,True,-17297.68,42.988282,-81.245956
500,1145,37,17.24,True,-17689.13,42.988282,-81.245956
500,942,38,17.45,True,-18077.03,42.985620741863066,-81.23424292394553
500,1144,39,17.66,True,-18463.11,42.988487,-81.245845
500,1144,40,17.87,True,-18844.16,42.988487,-81.245845
500,1144,41,18.07,True,-19221.91,42.988487,-81.245845
500,2747,42,18.28,True,-19596.43,42.98799,-81.24605
500,383,43,18.49,True,-19967.81,42.988279,-81.24606
500,1144,44,18.7,True,-20336.09,42.988487,-81.245845
500,1144,45,18.91,True,-20701.36,42.988487,-81.245845
500,1144,46,19.12,True,-21063.69,42.988487,-81.245845
500,1144,47,19.32,True,-21423.13,42.988487,-81.245845
500,1145,48,19.53,True,-21779.76,42.988282,-81.245956
500,1144,49,19.74,True,-22133.63,42.988487,-81.245845
500,1144,50,19.95,True,-22484.79,42.988487,-81.245845
500,1144,51,20.16,True,-22833.31,42.988487,-81.245845
500,1144,52,20.36,True,-23179.23,42.988487,-81.245845
500,1144,53,20.57,True,-23522.62,42.988487,-81.245845
500,0,54,20.78,False,-23863.52,42.992699691456714,-81.2566812020718
500,0,55,20.52,False,-24200.31,42.996911146791234,-81.26751903354193
500,1144,56,20.26,False,-24538.46,42.99268774007955,-81.25668983771804
500,1144,57,20.0,True,-24881.43,42.9884751750332,-81.24585354653934
500,1144,58,20.21,True,-25229.27,42.988487,-81.245845
500,1145,59,20.42,True,-25574.55,42.988282,-81.245956
500,1144,60,20.63,True,-25917.3,42.988487,-81.245845
500,1143,61,20.83,True,-26257.57,42.98825,-81.24585
500,1144,62,21.04,True,-26595.44,42.988487,-81.245845
500,1144,63,21.25,True,-26930.92,42.988487,-81.245845
500,383,64,21.46,True,-27264.06,42.988279,-81.24606
500,1144,65,21.67,True,-27594.92,42.988487,-81.245845
500,2747,66,21.88,True,-27923.54,42.98799,-81.24605
500,1144,67,22.08,True,-28249.98,42.988487,-81.245845
500,383,68,22.29,True,-28574.25,42.988279,-81.24606
500,2747,69,22.5,True,-28896.39,42.98799,-81.24605
500,0,70,22.71,False,-29216.48,42.992210415558645,-81.2568805371404
500,1145,71,22.45,True,-29532.86,42.988282,-81.245956
500,1144,72,22.66,True,-29853.45,42.988487,-81.245845
500,1144,73,22.87,True,-30171.99,42.988487,-81.245845
500,383,74,23.07,True,-30488.52,42.988279,-81.24606
500,2747,75,23.28,True,-30803.06,42.98799,-81.24605
500,1219,76,23.49,True,-31115.7,42.98558940077169,-81.23423291715007
500,1145,77,23.7,True,-31428.07,42.98828595018163,-81.24593100531767
500,0,78,23.91,False,-31736.91,42.99250178281872,-81.2567649053721
500,1144,79,23.65,True,-32042.24,42.988487,-81.245845
500,0,80,23.86,False,-32351.54,42.992699691456714,-81.2566812020718
500,1144,81,23.6,True,-32657.32,42.988487,-81.245845
500,1144,82,23.8,True,-32967.08,42.988487,-81.245845
500,1417,83,24.01,True,-33274.99,42.983382,-81.242847
500,1144,84,24.22,True,-33581.89,42.988487,-81.245845
500,942,85,24.43,True,-33886.19,42.98566238393239,-81.23420309427955
500,1219,86,24.64,True,-34190.38,42.984896,-81.230766
500,1144,87,24.85,True,-34493.32,42.98768269439862,-81.24242470152953
500,1145,88,25.05,True,-34792.91,42.988282,-81.245956
500,0,89,25.26,False,-35090.35,42.992498013541535,-81.2567897687487
500,1144,90,25.0,True,-35384.46,42.988487,-81.245845
500,1144,91,25.21,True,-35682.3,42.988487,-81.245845
500,1417,92,25.42,True,-35978.49,42.983382,-81.242847
500,1417,93,25.63,True,-36273.86,42.983382,-81.242847
500,1144,94,25.84,True,-36567.64,42.988487,-81.245845
500,1145,95,26.04,True,-36859.03,42.988282,-81.245956
500,1144,96,26.25,True,-37148.88,42.988487,-81.245845
500,1144,97,26.46,True,-37437.2,42.988487,-81.245845
500,2747,98,26.67,True,-37724.03,42.98799,-81.24605
500,1144,99,26.88,True,-38009.39,42.988487,-81.245845
500,0,100,27.09,False,-38293.28,42.992699691456714,-81.2566812020718
500,1144,101,26.83,True,-38574.07,42.988487,-81.245845
500,1144,102,27.03,True,-38858.32,42.988487,-81.245845
500,1143,103,27.24,True,-39141.13,42.98825,-81.24585
500,2747,104,27.45,True,-39422.55,42.98799,-81.24605
500,1145,105,27.66,True,-39702.58,42.988282,-81.245956
500,1145,106,27.87,True,-39981.22,42.988282,-81.245956
500,1219,107,28.08,True,-40258.51,42.98565831746327,-81.2342272027259
500,1144,108,28.28,True,-40536.12,42.988487,-81.245845
500,942,109,28.49,True,-40810.76,42.98566238393239,-81.23420309427955
500,1144,110,28.7,True,-41085.76,42.988487,-81.245845
500,2747,111,28.91,True,-41357.84,42.98799,-81.24605
500,942,112,29.12,True,-41628.68,42.98555271138585,-81.23424686325774
500,942,113,29.33,True,-41899.92,42.984866,-81.230868
500,679,114,29.53,True,-42170.41,42.985167542276464,-81.24312191387651
500,1144,115,29.74,True,-42438.19,42.988487,-81.245845
500,1144,116,29.95,True,-42704.17,42.988487,-81.245845
500,1144,117,30.16,True,-42968.97,42.988487,-81.245845
500,1144,118,30.37,True,-43232.62,42.988487,-81.245845
500,1144,119,30.58,True,-43495.14,42.988487,-81.245845
500,1144,120,30.78,True,-43756.53,42.988487,-81.245845
600, ,0,10.0,True,0,42.98881506714761,-81.22807778867828
600,1219,1,10.21,True,-600.0,42.984896,-81.230766
600,1219,2,10.42,True,-1189.81,42.984896,-81.230766
600,1144,3,10.63,True,-1769.81,42.98768269439862,-81.24242470152953
600,1417,4,10.83,True,-2338.76,42.983382,-81.242847
600,1417,5,11.04,True,-2898.97,42.983382,-81.242847
600,1417,6,11.25,True,-3450.48,42.983382,-81.242847
600,1417,7,11.46,True,-3993.61,42.983382,-81.242847
600,0,8,11.67,False,-4528.65,42.98764744479265,-81.25364395421208
600,942,9,11.41,True,-5054.22,42.98616577945849,-81.24155002466411
600,1417,10,11.62,True,-5591.15,42.983382,-81.242847
600,1417,11,11.82,True,-6120.31,42.983382,-81.242847
600,1145,12,12.03,True,-6641.88,42.988282,-81.245956
600,2747,13,12.24,True,-7155.33,42.98799,-81.24605
600,1417,14,12.45,True,-7661.71,42.983382,-81.242847
600,679,15,12.66,True,-8162.05,42.9852056,-81.2447222
600,1417,16,12.87,True,-8655.39,42.983382,-81.242847
600,1417,17,13.07,True,-9142.72,42.983382,-81.242847
600,942,18,13.28,True,-9623.86,42.984866,-81.230868
600,1144,19,13.49,True,-10100.32,42.98769095568377,-81.24250960275539
600,2747,20,13.7,True,-10569.31,42.98799,-81.24605
600,1219,21,13.91,True,-11032.2,42.98558940077169,-81.23423291715007
600,1144,22,14.12,True,-11491.27,42.98849557481103,-81.24583751252665
600,1144,23,14.32,True,-11943.37,42.988487,-81.245845
600,0,24,14.53,False,-12390.32,42.992699691456714,-81.2566812020718
600,1143,25,14.27,True,-12830.59,42.98829173459637,-81.24599011479991
600,679,26,14.48,True,-13278.8,42.9852056,-81.2447222
600,679,27,14.69,True,-13722.4,42.9852056,-81.2447222
600,679,28,14.9,True,-14161.1,42.9852056,-81.2447222
600,679,29,15.11,True,-14595.04,42.9852056,-81.2447222
600,383,30,15.31,True,-15024.34,42.988279,-81.24606
600,1144,31,15.52,True,-15448.72,42.988487,-81.245845
600,1144,32,15.73,True,-15868.72,42.988487,-81.245845
600,1144,33,15.94,True,-16284.45,42.988487,-81.245845
600,1144,34,16.15,True,-16696.03,42.988487,-81.245845
600,1144,35,16.36,True,-17103.56,42.988487,-81.245845
600,1143,36,16.56,True,-17507.15,42.98825,-81.24585
600,1219,37,16.77,True,-17906.91,42.98563229220285,-81.23411873155521
600,1219,38,16.98,True,-18304.57,42.984896,-81.230766
600,1219,39,17.19,True,-18699.04,42.984896,-81.230766
600,1219,40,17.4,True,-19089.95,42.984896,-81.230766
600,1219,41,17.61,True,-19477.37,42.984896,-81.230766
600,1219,42,17.81,True,-19861.39,42.984896,-81.230766
600,1219,43,18.02,True,-20242.09,42.984896,-81.230766
600,1219,44,18.23,True,-20619.54,42.984896,-81.230766
600,1417,45,18.44,True,-20993.82,42.983382,-81.242847
600,0,46,18.65,False,-21363.68,42.98764744479265,-81.25364395421208
600,0,47,18.39,False,-21728.82,42.99191166141027,-81.26444255262676
600,679,48,18.13,True,-22096.08,42.988117427323516,-81.25332327778229
600,1417,49,18.34,True,-22468.91,42.98338575161722,-81.24289290999518
600,679,50,18.54,True,-22840.29,42.9852056,-81.2447222
600,679,51,18.75,True,-23208.22,42.9852056,-81.2447222
600,679,52,18.96,True,-23573.15,42.9852056,-81.2447222
600,1219,53,19.17,True,-23935.16,42.984932845721346,-81.23246702421581
600,679,54,19.38,True,-24295.8,42.98520658279931,-81.24472215944331
600,0,55,19.59,False,-24652.14,42.98945740840135,-81.25553012256107
600,1417,56,19.32,True,-25004.05,42.984526279533654,-81.2452723896476
600,383,57,19.53,True,-25361.07,42.988279,-81.24606
600,383,58,19.74,True,-25714.9,42.988279,-81.24606
600,383,59,19.95,True,-26066.03,42.988279,-81.24606
600,383,60,20.16,True,-26414.52,42.988279,-81.24606
600,1417,61,20.37,True,-26760.42,42.983382,-81.242847
600,1219,62,20.57,True,-27104.6,42.984896,-81.230766
600,0,63,20.78,False,-27447.62,42.98908047109999,-81.24162184016717
600,383,64,20.52,True,-27786.53,42.988279,-81.24606
600,2747,65,20.73,True,-28128.02,42.98799,-81.24605
600,383,66,20.94,True,-28467.08,42.988279,-81.24606
600,383,67,21.15,True,-28803.72,42.988279,-81.24606
600,1144,68,21.36,True,-29138.01,42.988487,-81.245845
600,942,69,21.56,True,-29469.99,42.98566238393239,-81.23420309427955
600,679,70,21.77,True,-29801.38,42.9852056,-81.2447222
600,679,71,21.98,True,-30129.31,42.9852056,-81.2447222
600,1219,72,22.19,True,-30455.06,42.984932845721346,-81.23246702421581
600,383,73,22.4,True,-30780.19,42.98780392025646,-81.24408769199253
600,1144,74,22.61,True,-31101.56,42.988487,-81.245845
600,383,75,22.81,True,-31420.61,42.988279,-81.24606
600,383,76,23.02,True,-31737.62,42.988279,-81.24606
600,1144,77,23.23,True,-32052.65,42.988487,-81.245845
600,1144,78,23.44,True,-32365.75,42.988487,-81.245845
600,1417,79,23.65,True,-32676.93,42.983382,-81.242847
600,383,80,23.86,True,-32987.04,42.988279,-81.24606
600,383,81,24.06,True,-33294.48,42.988279,-81.24606
600,1417,82,24.27,True,-33600.12,42.983382,-81.242847
600,1144,83,24.48,True,-33904.78,42.988487,-81.245845
600,383,84,24.69,True,-34206.89,42.988279,-81.24606
600,1219,85,24.9,True,-34507.26,42.985673779722724,-81.23432356837455
600,383,86,25.11,True,-34807.59,42.98828760459232,-81.24605645059806
600,383,87,25.31,True,-35104.6,42.988279,-81.24606
600,1144,88,25.52,True,-35399.97,42.988487,-81.245845
600,1417,89,25.73,True,-35693.74,42.983382,-81.242847
600,1144,90,25.94,True,-35986.73,42.988487,-81.245845
600,1417,91,26.15,True,-36277.35,42.983382,-81.242847
600,2747,92,26.36,True,-36567.25,42.98799,-81.24605
600,1144,93,26.56,True,-36854.84,42.988487,-81.245845
600,1145,94,26.77,True,-37140.93,42.988282,-81.245956
600,1144,95,26.98,True,-37425.56,42.988487,-81.245845
600,1144,96,27.19,True,-37708.74,42.988487,-81.245845
600,1144,97,27.4,True,-37990.5,42.988487,-81.245845
600,1144,98,27.61,True,-38270.86,42.988487,-81.245845
600,0,99,27.81,False,-38549.85,42.992699691456714,-81.2566812020718
600,1144,100,27.55,True,-38825.8,42.988487,-81.245845
600,1144,101,27.76,True,-39105.12,42.988487,-81.245845
600,383,102,27.97,True,-39383.08,42.988279,-81.24606
600,1143,103,28.18,True,-39659.7,42.98825,-81.24585
600,1143,104,28.39,True,-39935.02,42.98825,-81.24585
600,942,105,28.6,True,-40209.04,42.98559446773873,-81.23413451857049
600,1143,106,28.8,True,-40483.42,42.98825,-81.24585
600,1417,107,29.01,True,-40754.89,42.983382,-81.242847
600,1144,108,29.22,True,-41025.91,42.988487,-81.245845
600,1417,109,29.43,True,-41294.88,42.983382,-81.242847
600,2747,110,29.64,True,-41563.45,42.98799,-81.24605
600,0,111,29.85,False,-41830.04,42.992210415558645,-81.2568805371404
600,1417,112,29.59,True,-42093.77,42.98634124592094,-81.2475837480474
600,1417,113,29.79,True,-42360.62,42.983382,-81.242847
600,1143,114,30.0,True,-42627.11,42.98825,-81.24585
600,942,115,30.21,True,-42891.65,42.98559446773873,-81.23413451857049
600,942,116,30.42,True,-43156.69,42.984866,-81.230868
600,942,117,30.63,True,-43421.05,42.984866,-81.230868
600,2747,118,30.84,True,-43684.3,42.98730363733907,-81.24267087189284
600,1144,119,31.04,True,-43944.8,42.988487,-81.245845
600,942,120,31.25,True,-44203.73,42.98566238393239,-81.23420309427955
700, ,0,10.0,True,0,42.98881506714761,-81.22807778867828
700,1219,1,10.21,True,-600.0,42.984896,-81.230766
700,1143,2,10.42,True,-1189.81,42.9875140517675,-81.24249698619228
700,1219,3,10.63,True,-1768.17,42.984896,-81.230766
700,1143,4,10.83,True,-2338.76,42.9875140517675,-81.24249698619228
700,1143,5,11.04,True,-2898.66,42.98825,-81.24585
700,1143,6,11.25,True,-3449.38,42.98825,-81.24585
700,679,7,11.46,True,-3991.71,42.9852056,-81.2447222
700,2747,8,11.67,True,-4526.37,42.98799,-81.24605
700,679,9,11.88,True,-5052.83,42.9852056,-81.2447222
700,679,10,12.08,True,-5572.17,42.9852056,-81.2447222
700,1143,11,12.29,True,-6084.26,42.98825,-81.24585
700,383,12,12.5,True,-6588.93,42.988279,-81.24606
700,1143,13,12.71,True,-7086.79,42.98825,-81.24585
700,1145,14,12.92,True,-7578.12,42.988282,-81.245956
700,1143,15,13.13,True,-8063.09,42.98825,-81.24585
700,1417,16,13.33,True,-8541.94,42.983382,-81.242847
700,1143,17,13.54,True,-9015.61,42.98825,-81.24585
700,0,18,13.75,False,-9482.74,42.9924659012467,-81.25668384422387
700,1143,19,13.49,True,-9942.58,42.98825,-81.24585
700,1143,20,13.7,True,-10411.12,42.98825,-81.24585
700,1143,21,13.91,True,-10874.01,42.98825,-81.24585
700,2747,22,14.12,True,-11331.44,42.98799,-81.24605
700,2747,23,14.32,True,-11783.56,42.98799,-81.24605
700,1144,24,14.53,True,-12230.53,42.988487,-81.245845
700,1144,25,14.74,True,-12672.48,42.988487,-81.245845
700,0,26,14.95,False,-13109.56,42.992699691456714,-81.2566812020718
700,942,27,14.69,False,-13540.24,42.989250984739556,-81.24535485772735
700,2747,28,14.43,True,-13978.5,42.98799,-81.24605
700,383,29,14.64,True,-14422.93,42.988279,-81.24606
700,1417,30,14.85,True,-14862.4,42.983382,-81.242847
700,942,31,15.05,True,-15297.9,42.984866,-81.230868
700,679,32,15.26,True,-15730.05,42.985167542276464,-81.24312191387651
700,2747,33,15.47,True,-16156.15,42.98799,-81.24605
700,0,34,15.68,False,-16577.25,42.992210415558645,-81.2568805371404
700,2747,35,15.42,True,-16992.37,42.98799,-81.24605
700,942,36,15.63,True,-17414.55,42.98555271138585,-81.23424686325774
700,1145,37,15.84,True,-17834.04,42.98828559644391,-81.24592929242029
700,1417,38,16.04,True,-18247.67,42.983382,-81.242847
700,1219,39,16.25,True,-18658.01,42.984896,-81.230766
700,0,40,16.46,False,-19065.68,42.98908047109999,-81.24162184016717
700,2747,41,16.2,True,-19467.78,42.98799,-81.24605
700,1143,42,16.41,True,-19874.31,42.98825,-81.24585
700,383,43,16.62,True,-20276.92,42.988279,-81.24606
700,0,44,16.83,False,-20675.68,42.99249558584973,-81.25689335496635
700,1143,45,16.57,True,-21069.04,42.98830775116847,-81.24603932279543
700,383,46,16.77,True,-21468.75,42.988279,-81.24606
700,1144,47,16.98,True,-21864.7,42.988487,-81.245845
700,1417,48,17.19,True,-22257.0,42.983382,-81.242847
700,1144,49,17.4,True,-22646.55,42.988487,-81.245845
700,1144,50,17.61,True,-23031.8,42.988487,-81.245845
700,1144,51,17.82,True,-23413.66,42.988487,-81.245845
700,383,52,18.02,True,-23792.19,42.988279,-81.24606
700,1144,53,18.23,True,-24167.47,42.988487,-81.245845
700,1143,54,18.44,True,-24539.59,42.98825,-81.24585
700,1417,55,18.65,True,-24908.62,42.983382,-81.242847
700,0,56,18.86,False,-25275.42,42.98764744479265,-81.25364395421208
700,2747,57,18.6,True,-25637.58,42.98799,-81.24605
700,1144,58,18.81,True,-26004.34,42.988487,-81.245845
700,679,59,19.01,True,-26368.09,42.9852056,-81.2447222
700,1417,60,19.22,True,-26729.36,42.983382,-81.242847
700,1417,61,19.43,True,-27088.16,42.983382,-81.242847
700,0,62,19.64,False,-27444.17,42.98764744479265,-81.25364395421208
700,1145,63,19.38,True,-27795.78,42.988282,-81.245956
700,2747,64,19.59,True,-28151.67,42.98799,-81.24605
700,679,65,19.79,True,-28504.83,42.9852056,-81.2447222
700,679,66,20.0,True,-28855.72,42.9852056,-81.2447222
700,2747,67,20.21,True,-29203.97,42.98799,-81.24605
700,383,68,20.42,True,-29549.24,42.988279,-81.24606
700,679,69,20.63,True,-29891.96,42.9852056,-81.2447222
700,383,70,20.84,True,-30232.63,42.988279,-81.24606
700,1145,71,21.04,True,-30570.46,42.988282,-81.245956
700,2747,72,21.25,True,-30905.92,42.98799,-81.24605
700,1219,73,21.46,True,-31239.06,42.98558940077169,-81.23423291715007
700,0,74,21.67,False,-31571.56,42.9897820076099,-81.24508305393337
700,1219,75,21.41,True,-31900.15,42.98597644335934,-81.23397134985467
700,2747,76,21.62,True,-32233.21,42.98797652849076,-81.2459260341398
700,1417,77,21.83,True,-32562.4,42.983382,-81.242847
700,1417,78,22.03,True,-32890.16,42.983382,-81.242847
700,679,79,22.24,True,-33215.75,42.9852056,-81.2447222
700,1144,80,22.45,True,-33538.83,42.988487,-81.245845
700,1144,81,22.66,True,-33859.4,42.988487,-81.245845
700,1417,82,22.87,True,-34177.92,42.983382,-81.242847
700,1143,83,23.08,True,-34495.24,42.98825,-81.24585
700,942,84,23.28,True,-34809.8,42.98559446773873,-81.23413451857049
700,1145,85,23.49,True,-35124.07,42.98826597587834,-81.24584326059714
700,383,86,23.7,True,-35434.79,42.988279,-81.24606
700,1219,87,23.91,True,-35743.6,42.985673779722724,-81.23432356837455
700,1143,88,24.12,True,-36052.23,42.98825,-81.24585
700,1143,89,24.33,True,-36357.43,42.98825,-81.24585
700,1143,90,24.53,True,-36660.86,42.98825,-81.24585
700,1143,91,24.74,True,-36962.54,42.98825,-81.24585
700,1143,92,24.95,True,-37262.5,42.98825,-81.24585
700,942,93,25.16,True,-37560.78,42.98559446773873,-81.23413451857049
700,1143,94,25.37,True,-37859.05,42.98825,-81.24585
700,1143,95,25.58,True,-38154.03,42.98825,-81.24585
700,1143,96,25.78,True,-38447.41,42.98825,-81.24585
700,1143,97,25.99,True,-38739.21,42.98825,-81.24585
700,2747,98,26.2,True,-39029.46,42.98799,-81.24605
700,1143,99,26.41,True,-39318.17,42.98825,-81.24585
700,942,100,26.62,True,-39605.39,42.98559446773873,-81.23413451857049
700,942,101,26.83,True,-39892.77,42.984866,-81.230868
700,679,102,27.03,True,-40179.15,42.985167542276464,-81.24312191387651
700,1145,103,27.24,True,-40462.58,42.988282,-81.245956
700,383,104,27.45,True,-40743.99,42.988279,-81.24606
700,0,105,27.66,False,-41023.99,42.99249558584973,-81.25689335496635
700,679,106,27.4,True,-41300.94,42.98679294043389,-81.24740615678468
700,1219,107,27.61,True,-41581.25,42.98540714624672,-81.23529131663541
700,1219,108,27.82,True,-41861.77,42.984896,-81.230766
700,383,109,28.02,True,-42141.52,42.98750158541955,-81.24250213344791
700,383,110,28.23,True,-42418.3,42.988279,-81.24606
700,383,111,28.44,True,-42693.25,42.988279,-81.24606
700,1145,112,28.65,True,-42966.91,42.988282,-81.245956
700,2747,113,28.86,True,-43239.31,42.98799,-81.24605
700,1145,114,29.07,True,-43510.46,42.988282,-81.245956
700,1145,115,29.27,True,-43780.35,42.988282,-81.245956
700,1145,116,29.48,True,-44049.02,42.988282,-81.245956
700,942,117,29.69,True,-44316.48,42.985620741863066,-81.23424292394553
700,1144,118,29.9,True,-44584.4,42.988487,-81.245845
700,1145,119,30.11,True,-44849.49,42.988282,-81.245956
700,1144,120,30.32,True,-45113.43,42.988487,-81.245845
800, ,0,10.0,True,0,42.98881506714761,-81.22807778867828
800,0,1,10.21,False,-600.0,42.99293427618687,-81.23898052513093
800,679,2,9.95,True,-1188.12,42.9852056,-81.2447222
800,942,3,10.16,True,-1789.01,42.98490422904488,-81.23246827072835
800,1144,4,10.37,True,-2381.1,42.98799921271264,-81.24398181928782
800,1145,5,10.57,True,-2961.63,42.988282,-81.245956
800,1145,6,10.78,True,-3532.39,42.988282,-81.245956
800,1417,7,10.99,True,-4094.01,42.983382,-81.242847
800,942,8,11.2,True,-4647.65,42.984866,-81.230868
800,1145,9,11.41,True,-5194.14,42.98752760385979,-81.24258078719195
800,1145,10,11.62,True,-5730.83,42.988282,-81.245956
800,1145,11,11.82,True,-6259.18,42.988282,-81.245956
800,1145,12,12.03,True,-6779.95,42.988282,-81.245956
800,1145,13,12.24,True,-7293.39,42.988282,-81.245956
800,1145,14,12.45,True,-7799.77,42.988282,-81.245956
800,1145,15,12.66,True,-8299.3,42.988282,-81.245956
800,1145,16,12.87,True,-8792.22,42.988282,-81.245956
800,1417,17,13.07,True,-9278.75,42.983382,-81.242847
800,1219,18,13.28,True,-9759.88,42.984896,-81.230766
800,1145,19,13.49,True,-10236.35,42.98752003756256,-81.24249450516564
800,679,20,13.7,True,-10705.36,42.9852056,-81.2447222
800,1145,21,13.91,True,-11168.66,42.988282,-81.245956
800,383,22,14.12,True,-11626.07,42.988279,-81.24606
800,1145,23,14.32,True,-12078.17,42.988282,-81.245956
800,2747,24,14.53,True,-12525.12,42.98799,-81.24605
800,2747,25,14.74,True,-12967.08,42.98799,-81.24605
800,679,26,14.95,True,-13404.19,42.9852056,-81.2447222
800,2747,27,15.16,True,-13836.96,42.98799,-81.24605
800,0,28,15.37,False,-14264.74,42.992210415558645,-81.2568805371404
800,679,29,15.11,True,-14686.36,42.986640881064055,-81.24724775802653
800,1219,30,15.31,True,-15115.24,42.98535182742744,-81.23511314000982
800,1144,31,15.52,True,-15541.2,42.988487,-81.245845
800,1144,32,15.73,True,-15961.19,42.988487,-81.245845
800,1144,33,15.94,True,-16376.93,42.988487,-81.245845
800,0,34,16.15,False,-16788.51,42.992699691456714,-81.2566812020718
800,1144,35,15.89,True,-17194.36,42.988487,-81.245845
800,1144,36,16.1,True,-17606.96,42.988487,-81.245845
800,1144,37,16.3,True,-18015.48,42.988487,-81.245845
800,2747,38,16.51,True,-18420.04,42.98799,-81.24605
800,383,39,16.72,True,-18820.74,42.988279,-81.24606
800,1219,40,16.93,True,-19217.65,42.985673779722724,-81.23432356837455
800,1144,41,17.14,True,-19612.52,42.988487,-81.245845
800,383,42,17.35,True,-20002.16,42.988279,-81.24606
800,2747,43,17.55,True,-20388.29,42.98799,-81.24605
800,2747,44,17.76,True,-20771.02,42.98799,-81.24605
800,1143,45,17.97,True,-21150.42,42.98825,-81.24585
800,0,46,18.18,False,-21526.55,42.9924659012467,-81.25668384422387
800,1143,47,17.92,True,-21897.81,42.98825,-81.24585
800,0,48,18.13,False,-22274.74,42.9924659012467,-81.25668384422387
800,383,49,17.87,True,-22646.79,42.988279,-81.24606
800,1143,50,18.08,True,-23024.5,42.98825,-81.24585
800,1143,51,18.28,True,-23399.02,42.98825,-81.24585
800,1145,52,18.49,True,-23770.38,42.988282,-81.245956
800,1143,53,18.7,True,-24138.65,42.98825,-81.24585
800,1143,54,18.91,True,-24503.92,42.98825,-81.24585
800,1417,55,19.12,True,-24866.24,42.983382,-81.242847
800,942,56,19.32,True,-25226.47,42.984866,-81.230868
800,1143,57,19.53,True,-25585.2,42.98752186694629,-81.24258320250635
800,0,58,19.74,False,-25939.52,42.99173087309752,-81.25342189222631
800,1144,59,19.48,True,-26289.46,42.988487,-81.245845
800,942,60,19.69,True,-26643.98,42.98566238393239,-81.23420309427955
800,1144,61,19.9,True,-26997.45,42.988487,-81.245845
800,1145,62,20.11,True,-27346.59,42.988282,-81.245956
800,1417,63,20.31,True,-27693.14,42.983382,-81.242847
800,1417,64,20.52,True,-28037.94,42.983382,-81.242847
800,1143,65,20.73,True,-28380.25,42.98825,-81.24585
800,1417,66,20.94,True,-28719.31,42.983382,-81.242847
800,1143,67,21.15,True,-29056.77,42.98825,-81.24585
800,2747,68,21.36,True,-29391.09,42.98799,-81.24605
800,1417,69,21.56,True,-29723.09,42.983382,-81.242847
800,1143,70,21.77,True,-30053.63,42.98825,-81.24585
800,1417,71,21.98,True,-30381.16,42.983382,-81.242847
800,383,72,22.19,True,-30707.3,42.988279,-81.24606
800,1144,73,22.4,True,-31030.49,42.988487,-81.245845
800,1144,74,22.61,True,-31351.59,42.988487,-81.245845
800,1417,75,22.81,True,-31670.63,42.983382,-81.242847
800,1219,76,23.02,True,-31988.46,42.984896,-81.230766
800,1145,77,23.23,True,-32305.64,42.98752003756256,-81.24249450516564
800,1145,78,23.44,True,-32619.23,42.988282,-81.245956
800,679,79,23.65,True,-32930.41,42.9852056,-81.2447222
800,383,80,23.86,True,-33240.14,42.988279,-81.24606
800,1145,81,24.06,True,-33547.58,42.988282,-81.245956
800,1145,82,24.27,True,-33853.23,42.988282,-81.245956
800,2747,83,24.48,True,-34157.09,42.98799,-81.24605
800,1145,84,24.69,True,-34459.21,42.988282,-81.245956
800,1145,85,24.9,True,-34759.6,42.988282,-81.245956
800,383,86,25.11,True,-35058.29,42.988279,-81.24606
800,1143,87,25.31,True,-35355.3,42.98825,-81.24585
800,1145,88,25.52,True,-35650.7,42.988282,-81.245956
800,1145,89,25.73,True,-35944.47,42.988282,-81.245956
800,942,90,25.94,True,-36236.66,42.985620741863066,-81.23424292394553
800,1219,91,26.15,True,-36528.94,42.984896,-81.230766
800,1145,92,26.36,True,-36820.16,42.98752003756256,-81.24249450516564
800,679,93,26.56,True,-37108.23,42.9852056,-81.2447222
800,1145,94,26.77,True,-37394.74,42.988282,-81.245956
800,0,95,26.98,False,-37679.36,42.992498013541535,-81.2567897687487
800,1145,96,26.72,True,-37960.87,42.988282,-81.245956
800,1143,97,26.93,True,-38245.86,42.98825,-81.24585
800,1145,98,27.14,True,-38529.41,42.988282,-81.245956
800,1143,99,27.35,True,-38811.53,42.98825,-81.24585
800,1145,100,27.55,True,-39092.26,42.988282,-81.245956
800,942,101,27.76,True,-39371.58,42.985620741863066,-81.23424292394553
800,942,102,27.97,True,-39651.2,42.984866,-81.230868
800,1417,103,28.18,True,-39929.95,42.983382,-81.242847
800,942,104,28.39,True,-40206.06,42.984866,-81.230868
800,1143,105,28.6,True,-40482.19,42.98752186694629,-81.24258320250635
800,942,106,28.8,True,-40755.39,42.984857259915934,-81.23087168362318
800,942,107,29.01,True,-41028.97,42.984866,-81.230868
800,942,108,29.22,True,-41301.3,42.984866,-81.230868
800,1144,109,29.43,True,-41572.41,42.98769095568377,-81.24250960275539
800,942,110,29.64,True,-41840.65,42.984866,-81.230868
800,942,111,29.85,True,-42109.35,42.984866,-81.230868
800,1417,112,30.05,True,-42376.87,42.983382,-81.242847
800,942,113,30.26,True,-42641.91,42.984866,-81.230868
800,1144,114,30.47,True,-42907.13,42.98769095568377,-81.24250960275539
800,0,115,30.68,False,-43169.55,42.9918973247379,-81.25335022131483
800,383,116,30.42,True,-43429.19,42.988279,-81.24606
800,679,117,30.63,True,-43691.42,42.9852056,-81.2447222
800,1417,118,30.84,True,-43952.96,42.983382,-81.242847
800,1143,119,31.04,True,-44213.78,42.98825,-81.24585
800,1417,120,31.25,True,-44472.73,42.983382,-81.242847
900, ,0,10.0,True,0,42.98881506714761,-81.22807778867828
900,1417,1,10.21,True,-600.0,42.984771151445976,-81.23903198171823
900,1144,2,10.42,True,-1188.81,42.988487,-81.245845
900,942,3,10.63,True,-1766.68,42.98566238393239,-81.23420309427955
900,942,4,10.83,True,-2336.8,42.984866,-81.230868
900,679,5,11.04,True,-2898.34,42.985167542276464,-81.24312191387651
900,2747,6,11.25,True,-3449.66,42.98799,-81.24605
900,679,7,11.46,True,-3991.99,42.9852056,-81.2447222
900,679,8,11.67,True,-4526.64,42.9852056,-81.2447222
900,1143,9,11.88,True,-5053.51,42.98825,-81.24585
900,679,10,12.08,True,-5572.45,42.9852056,-81.2447222
900,679,11,12.29,True,-6084.54,42.9852056,-81.2447222
900,679,12,12.5,True,-6589.61,42.9852056,-81.2447222
900,383,13,12.71,True,-7087.9,42.988279,-81.24606
900,679,14,12.92,True,-7579.2,42.9852056,-81.2447222
900,679,15,13.13,True,-8064.59,42.9852056,-81.2447222
900,1145,16,13.33,True,-8543.84,42.988282,-81.245956
900,2747,17,13.54,True,-9016.71,42.98799,-81.24605
900,942,18,13.75,True,-9483.83,42.98555271138585,-81.23424686325774
900,679,19,13.96,True,-9947.0,42.9852056,-81.2447222
900,0,20,14.17,False,-10403.5,42.98945643889439,-81.25553015324726
900,1219,21,13.91,False,-10853.05,42.98725956795487,-81.24363946618439
900,1219,22,13.65,True,-11310.84,42.985068343836765,-81.23174726865342
900,2747,23,13.86,True,-11777.1,42.98748948922624,-81.24355647399857
900,1144,24,14.06,True,-12236.21,42.988487,-81.245845
900,1219,25,14.27,True,-12689.62,42.9857006543622,-81.23418599195645
900,942,26,14.48,True,-13139.49,42.984866,-81.230868
900,383,27,14.69,True,-13584.79,42.98750884481903,-81.24258866380612
900,1144,28,14.9,True,-14023.55,42.988487,-81.245845
900,942,29,15.11,True,-14457.06,42.98566238393239,-81.23420309427955
900,1417,30,15.31,True,-14887.6,42.983382,-81.242847
900,1219,31,15.52,True,-15312.8,42.984896,-81.230766
900,1145,32,15.73,True,-15734.94,42.98752003756256,-81.24249450516564
900,0,33,15.94,False,-16151.16,42.99172861733616,-81.25333350174175
900,1145,34,15.68,True,-16561.55,42.988282,-81.245956
900,1145,35,15.89,True,-16978.33,42.988282,-81.245956
900,1145,36,16.1,True,-17390.94,42.988282,-81.245956
900,942,37,16.3,True,-17799.47,42.985620741863066,-81.23424292394553
900,1145,38,16.51,True,-18205.68,42.988282,-81.245956
900,1145,39,16.72,True,-18606.37,42.988282,-81.245956
900,1417,40,16.93,True,-19003.28,42.983382,-81.242847
900,0,41,17.14,False,-19397.33,42.98764744479265,-81.25364395421208
900,942,42,16.88,True,-19786.1,42.98616577945849,-81.24155002466411
900,942,43,17.09,True,-20180.96,42.984866,-81.230868
900,1145,44,17.29,True,-20573.61,42.98752760385979,-81.24258078719195
900,1145,45,17.5,True,-20961.09,42.988282,-81.245956
900,1145,46,17.71,True,-21344.65,42.988282,-81.245956
900,942,47,17.92,True,-21724.85,42.985620741863066,-81.23424292394553
900,1417,48,18.13,True,-22103.42,42.983382,-81.242847
900,1145,49,18.34,True,-22477.93,42.988282,-81.245956
900,1145,50,18.54,True,-22848.51,42.988282,-81.245956
900,1145,51,18.75,True,-23216.02,42.988282,-81.245956
900,383,52,18.96,True,-23580.54,42.988279,-81.24606
900,1145,53,19.17,True,-23942.11,42.988282,-81.245956
900,383,54,19.38,True,-24300.83,42.988279,-81.24606
900,0,55,19.59,False,-24656.74,42.99249558584973,-81.25689335496635
900,1143,56,19.32,True,-25008.22,42.98830775116847,-81.24603932279543
900,1145,57,19.53,True,-25364.81,42.988282,-81.245956
900,2747,58,19.74,True,-25718.66,42.98799,-81.24605
900,1145,59,19.95,True,-26069.82,42.988282,-81.245956
900,2747,60,20.16,True,-26418.32,42.98799,-81.24605
900,1145,61,20.37,True,-26764.24,42.988282,-81.245956
900,1145,62,20.57,True,-27107.62,42.988282,-81.245956
900,383,63,20.78,True,-27448.5,42.988279,-81.24606
900,1145,64,20.99,True,-27786.94,42.988282,-81.245956
900,383,65,21.2,True,-28123.01,42.988279,-81.24606
900,1144,66,21.41,True,-28456.72,42.988487,-81.245845
900,1145,67,21.62,True,-28788.14,42.988282,-81.245956
900,1145,68,21.82,True,-29117.32,42.988282,-81.245956
900,942,69,22.03,True,-29444.29,42.985620741863066,-81.23424292394553
900,2747,70,22.24,True,-29770.74,42.98799,-81.24605
900,942,71,22.45,True,-30093.43,42.98555271138585,-81.23424686325774
900,1144,72,22.66,True,-30415.68,42.988494938441356,-81.24583458689756
900,1144,73,22.87,True,-30734.22,42.988487,-81.245845
900,1144,74,23.07,True,-31050.75,42.988487,-81.245845
900,1143,75,23.28,True,-31365.3,42.98825,-81.24585
900,2747,76,23.49,True,-31677.93,42.98799,-81.24605
900,2747,77,23.7,True,-31988.66,42.98799,-81.24605
900,1219,78,23.91,True,-32297.52,42.98558940077169,-81.23423291715007
900,1219,79,24.12,True,-32606.18,42.984896,-81.230766
900,1219,80,24.32,True,-32913.52,42.984896,-81.230766
900,1219,81,24.53,True,-33219.08,42.984896,-81.230766
900,1219,82,24.74,True,-33522.89,42.984896,-81.230766
900,1219,83,24.95,True,-33824.99,42.984896,-81.230766
900,1219,84,25.16,True,-34125.4,42.984896,-81.230766
900,1219,85,25.37,True,-34424.15,42.984896,-81.230766
900,1219,86,25.57,True,-34721.27,42.984896,-81.230766
900,1143,87,25.78,True,-35016.78,42.9875140517675,-81.24249698619228
900,1219,88,25.99,True,-35309.06,42.984896,-81.230766
900,1219,89,26.2,True,-35601.44,42.984896,-81.230766
900,1145,90,26.41,True,-35892.29,42.98752003756256,-81.24249450516564
900,1219,91,26.62,True,-36179.99,42.984896,-81.230766
900,1219,92,26.82,True,-36467.85,42.984896,-81.230766
900,2747,93,27.03,True,-36754.25,42.98729695745402,-81.24258281514739
900,1219,94,27.24,True,-37037.58,42.98488796036966,-81.23076903692525
900,1143,95,27.45,True,-37321.13,42.98751223798843,-81.242497440935
900,1219,96,27.66,True,-37601.64,42.984896,-81.230766
900,1219,97,27.87,True,-37882.42,42.984896,-81.230766
900,0,98,28.07,False,-38161.86,42.98908047109999,-81.24162184016717
900,1219,99,27.81,True,-38438.28,42.98488418466077,-81.23077446628544
900,383,100,28.02,True,-38718.05,42.98749942864603,-81.24250661188549
900,1219,101,28.23,True,-38994.83,42.98488813215293,-81.2307728346586
900,1144,102,28.44,True,-39271.95,42.987681488798124,-81.24242857692288
900,383,103,28.65,True,-39546.11,42.988279,-81.24606
900,942,104,28.86,True,-39818.5,42.9856365109836,-81.23433904114917
900,942,105,29.06,True,-40091.29,42.984866,-81.230868
900,1145,106,29.27,True,-40363.31,42.98752760385979,-81.24258078719195
900,1143,107,29.48,True,-40632.47,42.98825,-81.24585
900,1145,108,29.69,True,-40899.95,42.988282,-81.245956
900,0,109,29.9,False,-41166.23,42.992498013541535,-81.2567897687487
900,1145,110,29.64,True,-41429.66,42.988282,-81.245956
900,1145,111,29.85,True,-41696.24,42.988282,-81.245956
900,0,112,30.05,False,-41961.63,42.992498013541535,-81.2567897687487
900,1143,113,29.79,True,-42224.19,42.988277317517905,-81.24595938409766
900,1417,114,30.0,True,-42489.88,42.983382,-81.242847
900,0,115,30.21,False,-42755.2,42.98764744479265,-81.25364395421208
900,1145,116,29.95,True,-43017.7,42.988282,-81.245956
900,1145,117,30.16,True,-43282.51,42.988282,-81.245956
900,0,118,30.37,False,-43546.17,42.992498013541535,-81.2567897687487
900,1145,119,30.11,True,-43807.01,42.988282,-81.245956
900,1145,120,30.32,True,-44070.95,42.988282,-81.245956
1000, ,0,10.0,True,0,42.98881506714761,-81.22807778867828
1000,1219,1,10.21,True,-600.0,42.984896,-81.230766
1000,679,2,10.42,True,-1189.81,42.98516893640451,-81.24302116096067
1000,679,3,10.63,True,-1768.31,42.9852056,-81.2447222
1000,1143,4,10.83,True,-2337.19,42.98825,-81.24585
1000,0,5,11.04,False,-2896.61,42.9924659012467,-81.25668384422387
1000,679,6,10.78,True,-3445.66,42.98671796531735,-81.24724750557012
1000,0,7,10.99,False,-4007.26,42.99096157469787,-81.25806099238618
1000,679,8,10.73,True,-4558.39,42.98638807665753,-81.24750003219592
1000,679,9,10.94,True,-5122.23,42.9852056,-81.2447222
1000,1145,10,11.15,True,-5677.63,42.988282,-81.245956
1000,679,11,11.36,True,-6224.07,42.9852056,-81.2447222
1000,679,12,11.56,True,-6762.7,42.9852056,-81.2447222
1000,679,13,11.77,True,-7293.39,42.9852056,-81.2447222
1000,679,14,11.98,True,-7816.43,42.9852056,-81.2447222
1000,2747,15,12.19,True,-8332.08,42.98799,-81.24605
1000,1144,16,12.4,True,-8840.2,42.988487,-81.245845
1000,1219,17,12.61,True,-9341.4,42.9857006543622,-81.23418599195645
1000,1144,18,12.81,True,-9837.6,42.988487,-81.245845
1000,1219,19,13.02,True,-10325.69,42.9857006543622,-81.23418599195645
1000,1219,20,13.23,True,-10809.19,42.984896,-81.230766
1000,1417,21,13.44,True,-11287.12,42.983382,-81.242847
1000,0,22,13.65,False,-11757.87,42.98764744479265,-81.25364395421208
1000,1144,23,13.39,True,-12221.26,42.988487,-81.245845
1000,1145,24,13.6,True,-12692.64,42.988282,-81.245956
1000,1417,25,13.8,True,-13158.29,42.983382,-81.242847
1000,1143,26,14.01,True,-13619.21,42.98825,-81.24585
1000,2747,27,14.22,True,-14073.94,42.98799,-81.24605
1000,679,28,14.43,True,-14523.45,42.9852056,-81.2447222
1000,1143,29,14.64,True,-14968.28,42.98825,-81.24585
1000,2747,30,14.85,True,-15407.78,42.98799,-81.24605
1000,679,31,15.05,True,-15842.48,42.9852056,-81.2447222
1000,1145,32,15.26,True,-16272.92,42.988282,-81.245956
1000,2747,33,15.47,True,-16698.41,42.98799,-81.24605
1000,1219,34,15.68,True,-17119.51,42.98558940077169,-81.23423291715007
1000,2747,35,15.89,True,-17537.95,42.98799803874399,-81.24604696540034
1000,942,36,16.1,True,-17950.57,42.985554486861204,-81.23424623066465
1000,1144,37,16.3,True,-18360.75,42.98849498044541,-81.24583477084366
1000,1144,38,16.51,True,-18765.31,42.988487,-81.245845
1000,1145,39,16.72,True,-19165.99,42.988282,-81.245956
1000,1144,40,16.93,True,-19562.91,42.988487,-81.245845
1000,1144,41,17.14,True,-19956.14,42.988487,-81.245845
1000,1144,42,17.35,True,-20345.78,42.988487,-81.245845
1000,1144,43,17.55,True,-20731.92,42.988487,-81.245845
1000,1144,44,17.76,True,-21114.64,42.988487,-81.245845
1000,1144,45,17.97,True,-21494.01,42.988487,-81.245845
1000,1219,46,18.18,True,-21870.12,42.9857006543622,-81.23418599195645
1000,1144,47,18.39,True,-22244.7,42.988487,-81.245845
1000,1144,48,18.6,True,-22614.5,42.988487,-81.245845
1000,1144,49,18.8,True,-22981.26,42.988487,-81.245845
1000,1144,50,19.01,True,-23345.04,42.988487,-81.245845
1000,0,51,19.22,False,-23705.91,42.992699691456714,-81.2566812020718
1000,383,52,18.96,True,-24062.24,42.988279,-81.24606
1000,942,53,19.17,True,-24423.82,42.9856365109836,-81.23433904114917
1000,1145,54,19.38,True,-24784.18,42.988282,-81.245956
1000,2747,55,19.59,True,-25140.09,42.98799,-81.24605
1000,1143,56,19.79,True,-25493.28,42.98825,-81.24585
1000,383,57,20.0,True,-25843.78,42.988279,-81.24606
1000,1145,58,20.21,True,-26191.62,42.988282,-81.245956
1000,1145,59,20.42,True,-26536.9,42.988282,-81.245956
1000,0,60,20.63,False,-26879.65,42.992498013541535,-81.2567897687487
1000,1417,61,20.37,True,-27218.25,42.986499518419414,-81.24764739260692
1000,679,62,20.57,True,-27561.57,42.9852056,-81.2447222
1000,1219,63,20.78,True,-27902.88,42.984932845721346,-81.23246702421581
1000,1145,64,20.99,True,-28243.25,42.98782609970503,-81.24407748339411
1000,679,65,21.2,True,-28579.58,42.9852056,-81.2447222
1000,1145,66,21.41,True,-28913.73,42.988282,-81.245956
1000,1145,67,21.62,True,-29245.15,42.988282,-81.245956
1000,1417,68,21.82,True,-29574.33,42.983382,-81.242847
1000,1219,69,22.03,True,-29902.11,42.984896,-81.230766
1000,1219,70,22.24,True,-30229.04,42.984896,-81.230766
1000,1143,71,22.45,True,-30553.86,42.9875140517675,-81.24249698619228
1000,1219,72,22.66,True,-30874.93,42.984896,-81.230766
1000,1219,73,22.87,True,-31195.61,42.984896,-81.230766
1000,1219,74,23.07,True,-31514.28,42.984896,-81.230766
1000,0,75,23.28,False,-31830.97,42.98908047109999,-81.24162184016717
1000,383,76,23.02,True,-32144.05,42.988279,-81.24606
1000,383,77,23.23,True,-32459.08,42.988279,-81.24606
1000,1219,78,23.44,True,-32772.17,42.985673779722724,-81.23432356837455
1000,1219,79,23.65,True,-33084.99,42.984896,-81.230766
1000,383,80,23.86,True,-33396.43,42.98750158541955,-81.24250213344791
1000,942,81,24.06,True,-33704.37,42.984866,-81.230868
1000,942,82,24.27,True,-34012.15,42.984866,-81.230868
1000,1143,83,24.48,True,-34318.13,42.98752186694629,-81.24258320250635
1000,942,84,24.69,True,-34620.72,42.984857259915934,-81.23087168362318
1000,1143,85,24.9,True,-34923.23,42.98751998391428,-81.24258399689832
1000,1143,86,25.11,True,-35222.39,42.98825,-81.24585
1000,0,87,25.31,False,-35519.43,42.9924659012467,-81.25668384422387
1000,383,88,25.05,True,-35813.15,42.988279,-81.24606
1000,679,89,25.26,True,-36110.58,42.9852056,-81.2447222
1000,942,90,25.47,True,-36406.78,42.98490422904488,-81.23246827072835
1000,1219,91,25.68,True,-36702.88,42.984896,-81.230766
1000,679,92,25.89,True,-36997.6,42.98516893640451,-81.24302116096067
1000,679,93,26.1,True,-37289.23,42.9852056,-81.2447222
1000,1219,94,26.3,True,-37579.12,42.984932845721346,-81.23246702421581
1000,679,95,26.51,True,-37869.0,42.98520658279931,-81.24472215944331
1000,1145,96,26.72,True,-38155.88,42.988282,-81.245956
1000,679,97,26.93,True,-38440.86,42.9852056,-81.2447222
1000,0,98,27.14,False,-38724.82,42.98945643889439,-81.25553015324726
1000,679,99,26.88,True,-39005.68,42.98519370363778,-81.24473089798205
1000,679,100,27.09,True,-39289.99,42.9852056,-81.2447222
1000,1144,101,27.29,True,-39572.88,42.988487,-81.245845
1000,679,102,27.5,True,-39853.93,42.9852056,-81.2447222
1000,0,103,27.71,False,-40134.02,42.98945643889439,-81.25553015324726
1000,0,104,27.45,False,-40411.06,42.99370604704054,-81.26633974690681
1000,383,105,27.19,True,-40688.13,42.99061372250316,-81.2548238087431
1000,383,106,27.4,True,-40968.61,42.988279,-81.24606
1000,679,107,27.61,True,-41248.95,42.9852056,-81.2447222
1000,383,108,27.82,True,-41528.35,42.988279,-81.24606
1000,1144,109,28.02,True,-41805.96,42.988487,-81.245845
1000,1144,110,28.23,True,-42082.24,42.988487,-81.245845
1000,1144,111,28.44,True,-42357.21,42.988487,-81.245845
1000,1417,112,28.65,True,-42630.87,42.983382,-81.242847
1000,1417,113,28.86,True,-42904.07,42.983382,-81.242847
1000,383,114,29.07,True,-43176.01,42.988279,-81.24606
1000,1417,115,29.27,True,-43445.89,42.983382,-81.242847
1000,1417,116,29.48,True,-43715.37,42.983382,-81.242847
1000,383,117,29.69,True,-43983.63,42.988279,-81.24606
1000,1143,118,29.9,True,-44249.89,42.98825,-81.24585
1000,1219,119,30.11,True,-44515.01,42.98563229220285,-81.23411873155521
1000,679,120,30.32,True,-44780.61,42.9852056,-81.2447222
Best, ,0,10.0,True,0,42.98881506714761,-81.22807778867828
Best,2747,1,10.21,True,-600.0,42.98825155437772,-81.24031523275671
Best,679,2,10.42,True,-1188.36,42.9852056,-81.2447222
Best,1145,3,10.63,True,-1766.65,42.988282,-81.245956
Best,2747,4,10.83,True,-2335.11,42.98799,-81.24605
Best,942,5,11.04,True,-2894.54,42.98555271138585,-81.23424686325774
Best,2747,6,11.25,True,-3446.9,42.987998142266385,-81.24604687564549
Best,2747,7,11.46,True,-3989.23,42.98799,-81.24605
Best,942,8,11.67,True,-4523.48,42.98555271138585,-81.23424686325774
Best,2747,9,11.88,True,-5051.58,42.987998142266385,-81.24604687564549
Best,2747,10,12.08,True,-5570.52,42.98799,-81.24605
Best,2747,11,12.29,True,-6082.2,42.98799,-81.24605
Best,2747,12,12.5,True,-6586.87,42.98799,-81.24605
Best,2747,13,12.71,True,-7084.76,42.98799,-81.24605
Best,1417,14,12.92,True,-7576.09,42.983382,-81.242847
Best,942,15,13.13,True,-8061.87,42.984866,-81.230868
Best,2747,16,13.33,True,-8542.82,42.98730363733907,-81.24267087189284
Best,2747,17,13.54,True,-9016.18,42.98799,-81.24605
Best,2747,18,13.75,True,-9483.29,42.98799,-81.24605
Best,2747,19,13.96,True,-9944.82,42.98799,-81.24605
Best,1145,20,14.17,True,-10400.92,42.988282,-81.245956
Best,2747,21,14.38,True,-10851.73,42.98799,-81.24605
Best,1143,22,14.58,True,-11297.44,42.98825,-81.24585
Best,1417,23,14.79,True,-11738.19,42.983382,-81.242847
Best,2747,24,15.0,True,-12174.9,42.98799,-81.24605
Best,1145,25,15.21,True,-12606.12,42.988282,-81.245956
Best,1145,26,15.42,True,-13032.76,42.988282,-81.245956
Best,1417,27,15.63,True,-13454.96,42.983382,-81.242847
Best,2747,28,15.83,True,-13873.64,42.98799,-81.24605
Best,1145,29,16.04,True,-14287.32,42.988282,-81.245956
Best,2747,30,16.25,True,-14696.88,42.98799,-81.24605
Best,1417,31,16.46,True,-15102.46,42.983382,-81.242847
Best,383,32,16.67,True,-15504.93,42.988279,-81.24606
Best,2747,33,16.88,True,-15902.8,42.98799,-81.24605
Best,1143,34,17.08,True,-16296.98,42.98825,-81.24585
Best,1145,35,17.29,True,-16687.55,42.988282,-81.245956
Best,2747,36,17.5,True,-17074.58,42.98799,-81.24605
Best,2747,37,17.71,True,-17458.19,42.98799,-81.24605
Best,2747,38,17.92,True,-17838.43,42.98799,-81.24605
Best,1417,39,18.13,True,-18215.38,42.983382,-81.242847
Best,0,40,18.33,False,-18589.93,42.98764744479265,-81.25364395421208
Best,2747,41,18.07,True,-18959.65,42.98799,-81.24605
Best,2747,42,18.28,True,-19334.19,42.98799,-81.24605
Best,2747,43,18.49,True,-19705.58,42.98799,-81.24605
Best,1143,44,18.7,True,-20073.88,42.98825,-81.24585
Best,1219,45,18.91,True,-20439.17,42.98563229220285,-81.23411873155521
Best,2747,46,19.11,True,-20803.17,42.98797978590845,-81.24595559574333
Best,1145,47,19.32,True,-21162.65,42.988282,-81.245956
Best,1145,48,19.53,True,-21519.27,42.988282,-81.245956
Best,2747,49,19.74,True,-21873.14,42.98799,-81.24605
Best,2747,50,19.95,True,-22224.32,42.98799,-81.24605
Best,1417,51,20.16,True,-22572.86,42.983382,-81.242847
Best,383,52,20.36,True,-22919.59,42.988279,-81.24606
Best,2747,53,20.57,True,-23262.98,42.98799,-81.24605
Best,2747,54,20.78,True,-23603.9,42.98799,-81.24605
Best,2747,55,20.99,True,-23942.38,42.98799,-81.24605
Best,2747,56,21.2,True,-24278.48,42.98799,-81.24605
Best,2747,57,21.41,True,-24612.23,42.98799,-81.24605
Best,2747,58,21.61,True,-24943.69,42.98799,-81.24605
Best,1145,59,21.82,True,-25272.9,42.988282,-81.245956
Best,0,60,22.03,False,-25599.89,42.992498013541535,-81.2567897687487
Best,2747,61,21.77,True,-25923.03,42.98801781282996,-81.24615459267336
Best,1145,62,21.98,True,-26250.56,42.988282,-81.245956
Best,1219,63,22.19,True,-26575.91,42.98565831746327,-81.2342272027259
Best,2747,64,22.4,True,-26900.78,42.98799,-81.24605
Best,2747,65,22.6,True,-27221.91,42.98799,-81.24605
Best,1145,66,22.81,True,-27540.99,42.988282,-81.245956
Best,2747,67,23.02,True,-27858.04,42.98799,-81.24605
Best,2747,68,23.23,True,-28173.11,42.98799,-81.24605
Best,1417,69,23.44,True,-28486.24,42.983382,-81.242847
Best,2747,70,23.65,True,-28798.24,42.98799,-81.24605
Best,2747,71,23.85,True,-29107.58,42.98799,-81.24605
Best,2747,72,24.06,True,-29415.06,42.98799,-81.24605
Best,942,73,24.27,True,-29720.74,42.98555271138585,-81.23424686325774
Best,2747,74,24.48,True,-30026.27,42.987998142266385,-81.24604687564549
Best,2747,75,24.69,True,-30328.4,42.98799,-81.24605
Best,2747,76,24.9,True,-30628.82,42.98799,-81.24605
Best,1145,77,25.1,True,-30927.54,42.988282,-81.245956
Best,1219,78,25.31,True,-31224.57,42.98565831746327,-81.2342272027259
Best,2747,79,25.52,True,-31521.62,42.98799,-81.24605
Best,2747,80,25.73,True,-31815.42,42.98799,-81.24605
Best,2747,81,25.94,True,-32107.63,42.98799,-81.24605
Best,2747,82,26.15,True,-32398.29,42.98799,-81.24605
Best,383,83,26.35,True,-32687.4,42.988279,-81.24606
Best,942,84,26.56,True,-32974.98,42.9856365109836,-81.23433904114917
Best,942,85,26.77,True,-33262.72,42.984866,-81.230868
Best,383,86,26.98,True,-33549.49,42.98750884481903,-81.24258866380612
Best,1145,87,27.19,True,-33833.16,42.988282,-81.245956
Best,2747,88,27.4,True,-34114.94,42.98799,-81.24605
Best,1417,89,27.6,True,-34395.33,42.983382,-81.242847
Best,2747,90,27.81,True,-34675.13,42.98799,-81.24605
Best,1219,91,28.02,True,-34952.79,42.98558940077169,-81.23423291715007
Best,1145,92,28.23,True,-35230.75,42.98828595018163,-81.24593100531767
Best,2747,93,28.44,True,-35505.75,42.98799,-81.24605
Best,2747,94,28.65,True,-35779.45,42.98799,-81.24605
Best,2747,95,28.85,True,-36051.88,42.98799,-81.24605
Best,1145,96,29.06,True,-36323.05,42.988282,-81.245956
Best,2747,97,29.27,True,-36592.96,42.98799,-81.24605
Best,2747,98,29.48,True,-36861.66,42.98799,-81.24605
Best,2747,99,29.69,True,-37129.16,42.98799,-81.24605
Best,2747,100,29.9,True,-37395.46,42.98799,-81.24605
Best,1219,101,30.1,True,-37660.59,42.98558940077169,-81.23423291715007
Best,2747,102,30.31,True,-37926.21,42.98799803874399,-81.24604696540034
Best,942,103,30.52,True,-38189.04,42.985554486861204,-81.23424623066465
Best,679,104,30.73,True,-38452.39,42.9852056,-81.2447222
Best,383,105,30.94,True,-38713.39,42.988279,-81.24606
Best,383,106,31.15,True,-38972.86,42.988279,-81.24606
Best,2747,107,31.35,True,-39231.25,42.98799,-81.24605
Best,1143,108,31.56,True,-39488.6,42.98825,-81.24585
Best,2747,109,31.77,True,-39744.91,42.98799,-81.24605
Best,383,110,31.98,True,-40000.17,42.988279,-81.24606
Best,1143,111,32.19,True,-40254.38,42.98825,-81.24585
Best,2747,112,32.4,True,-40507.6,42.98799,-81.24605
Best,1145,113,32.6,True,-40759.83,42.988282,-81.245956
Best,2747,114,32.81,True,-41011.05,42.98799,-81.24605
Best,2747,115,33.02,True,-41261.32,42.98799,-81.24605
Best,1219,116,33.23,True,-41510.62,42.98558940077169,-81.23423291715007
Best,383,117,33.44,True,-41760.61,42.9882616279995,-81.24594135382716
Best,1219,118,33.65,True,-42008.02,42.98565009470213,-81.23420752957973
Best,2747,119,33.85,True,-42256.15,42.98799734539325,-81.24604448657206
Best,2747,120,34.06,True,-42501.73,42.98799,-81.24605
