Charger ID,Timestep,Load,Traffic,Max Load
2186,320,0,0,66000
2186,321,0,0,66000
2186,322,0,0,66000
2186,323,0,0,66000
2186,324,0,0,66000
2186,325,0,0,66000
2186,326,0,0,66000
2186,327,0,0,66000
2186,328,12500,1,66000
2186,329,12500,1,66000
2186,330,12500,1,66000
2186,331,12500,1,66000
2186,332,12500,1,66000
2186,333,12500,1,66000
2186,334,12500,1,66000
2186,335,12500,1,66000
2186,336,12500,1,66000
2186,337,12500,1,66000
2186,338,12500,1,66000
2186,339,12500,1,66000
2186,340,12500,1,66000
2186,341,12500,1,66000
2186,342,12500,1,66000
2186,343,12500,1,66000
2186,344,12500,1,66000
2186,345,12500,1,66000
2186,346,12500,1,66000
2186,347,12500,1,66000
2186,348,0,0,66000
2186,349,0,0,66000
2186,350,0,0,66000
2186,351,0,0,66000
2186,352,0,0,66000
2186,353,0,0,66000
2186,354,0,0,66000
2186,355,0,0,66000
2186,356,0,0,66000
2186,357,0,0,66000
2186,358,0,0,66000
2186,359,0,0,66000
2186,360,0,0,66000
2186,361,0,0,66000
2186,362,0,0,66000
2186,363,0,0,66000
2186,364,0,0,66000
2186,365,0,0,66000
2186,366,0,0,66000
2186,367,0,0,66000
2186,368,0,0,66000
2186,369,0,0,66000
2186,370,0,0,66000
2186,371,0,0,66000
2186,372,0,0,66000
2186,373,0,0,66000
2186,374,0,0,66000
2186,375,0,0,66000
2186,376,0,0,66000
2186,377,0,0,66000
2186,378,0,0,66000
2186,379,0,0,66000
2186,380,0,0,66000
2187,320,0,0,66000
2187,321,0,0,66000
2187,322,0,0,66000
2187,323,12500,1,66000
2187,324,12500,1,66000
2187,325,12500,1,66000
2187,326,25000,2,66000
2187,327,25000,2,66000
2187,328,25000,2,66000
2187,329,25000,2,66000
2187,330,25000,2,66000
2187,331,25000,2,66000
2187,332,25000,2,66000
2187,333,25000,2,66000
2187,334,25000,2,66000
2187,335,25000,2,66000
2187,336,25000,2,66000
2187,337,25000,2,66000
2187,338,25000,2,66000
2187,339,12500,1,66000
2187,340,12500,1,66000
2187,341,12500,1,66000
2187,342,0,0,66000
2187,343,0,0,66000
2187,344,0,0,66000
2187,345,0,0,66000
2187,346,0,0,66000
2187,347,0,0,66000
2187,348,0,0,66000
2187,349,0,0,66000
2187,350,0,0,66000
2187,351,0,0,66000
2187,352,0,0,66000
2187,353,0,0,66000
2187,354,0,0,66000
2187,355,0,0,66000
2187,356,0,0,66000
2187,357,0,0,66000
2187,358,0,0,66000
2187,359,0,0,66000
2187,360,0,0,66000
2187,361,0,0,66000
2187,362,0,0,66000
2187,363,0,0,66000
2187,364,0,0,66000
2187,365,0,0,66000
2187,366,0,0,66000
2187,367,0,0,66000
2187,368,0,0,66000
2187,369,0,0,66000
2187,370,0,0,66000
2187,371,0,0,66000
2187,372,0,0,66000
2187,373,0,0,66000
2187,374,0,0,66000
2187,375,0,0,66000
2187,376,0,0,66000
2187,377,0,0,66000
2187,378,0,0,66000
2187,379,0,0,66000
2187,380,0,0,66000
2188,320,0,0,66000
2188,321,0,0,66000
2188,322,0,0,66000
2188,323,0,0,66000
2188,324,0,0,66000
2188,325,0,0,66000
2188,326,0,0,66000
2188,327,0,0,66000
2188,328,0,0,66000
2188,329,0,0,66000
2188,330,0,0,66000
2188,331,0,0,66000
2188,332,0,0,66000
2188,333,0,0,66000
2188,334,0,0,66000
2188,335,0,0,66000
2188,336,0,0,66000
2188,337,0,0,66000
2188,338,0,0,66000
2188,339,0,0,66000
2188,340,0,0,66000
2188,341,0,0,66000
2188,342,0,0,66000
2188,343,0,0,66000
2188,344,0,0,66000
2188,345,0,0,66000
2188,346,0,0,66000
2188,347,0,0,66000
2188,348,0,0,66000
2188,349,0,0,66000
2188,350,0,0,66000
2188,351,0,0,66000
2188,352,0,0,66000
2188,353,0,0,66000
2188,354,0,0,66000
2188,355,0,0,66000
2188,356,0,0,66000
2188,357,0,0,66000
2188,358,0,0,66000
2188,359,0,0,66000
2188,360,0,0,66000
2188,361,0,0,66000
2188,362,0,0,66000
2188,363,0,0,66000
2188,364,0,0,66000
2188,365,0,0,66000
2188,366,0,0,66000
2188,367,0,0,66000
2188,368,0,0,66000
2188,369,0,0,66000
2188,370,0,0,66000
2188,371,0,0,66000
2188,372,0,0,66000
2188,373,0,0,66000
2188,374,0,0,66000
2188,375,0,0,66000
2188,376,0,0,66000
2188,377,0,0,66000
2188,378,0,0,66000
2188,379,0,0,66000
2188,380,0,0,66000
535,320,0,0,66000
535,321,0,0,66000
535,322,0,0,66000
535,323,0,0,66000
535,324,0,0,66000
535,325,0,0,66000
535,326,0,0,66000
535,327,0,0,66000
535,328,0,0,66000
535,329,0,0,66000
535,330,0,0,66000
535,331,0,0,66000
535,332,0,0,66000
535,333,0,0,66000
535,334,0,0,66000
535,335,0,0,66000
535,336,0,0,66000
535,337,0,0,66000
535,338,0,0,66000
535,339,0,0,66000
535,340,0,0,66000
535,341,0,0,66000
535,342,0,0,66000
535,343,0,0,66000
535,344,0,0,66000
535,345,0,0,66000
535,346,0,0,66000
535,347,0,0,66000
535,348,0,0,66000
535,349,0,0,66000
535,350,0,0,66000
535,351,0,0,66000
535,352,0,0,66000
535,353,0,0,66000
535,354,0,0,66000
535,355,0,0,66000
535,356,0,0,66000
535,357,0,0,66000
535,358,0,0,66000
535,359,0,0,66000
535,360,0,0,66000
535,361,0,0,66000
535,362,0,0,66000
535,363,0,0,66000
535,364,0,0,66000
535,365,0,0,66000
535,366,0,0,66000
535,367,0,0,66000
535,368,0,0,66000
535,369,0,0,66000
535,370,0,0,66000
535,371,0,0,66000
535,372,0,0,66000
535,373,0,0,66000
535,374,0,0,66000
535,375,0,0,66000
535,376,0,0,66000
535,377,0,0,66000
535,378,0,0,66000
535,379,0,0,66000
535,380,0,0,66000
44,320,0,0,66000
44,321,0,0,66000
44,322,25000,2,66000
44,323,25000,2,66000
44,324,25000,2,66000
44,325,25000,2,66000
44,326,25000,2,66000
44,327,25000,2,66000
44,328,25000,2,66000
44,329,25000,2,66000
44,330,25000,2,66000
44,331,25000,2,66000
44,332,25000,2,66000
44,333,25000,2,66000
44,334,25000,2,66000
44,335,25000,2,66000
44,336,25000,2,66000
44,337,25000,2,66000
44,338,25000,2,66000
44,339,25000,2,66000
44,340,25000,2,66000
44,341,25000,2,66000
44,342,12500,1,66000
44,343,12500,1,66000
44,344,12500,1,66000
44,345,12500,1,66000
44,346,0,0,66000
44,347,0,0,66000
44,348,0,0,66000
44,349,0,0,66000
44,350,0,0,66000
44,351,0,0,66000
44,352,0,0,66000
44,353,0,0,66000
44,354,0,0,66000
44,355,0,0,66000
44,356,0,0,66000
44,357,0,0,66000
44,358,0,0,66000
44,359,0,0,66000
44,360,0,0,66000
44,361,0,0,66000
44,362,0,0,66000
44,363,0,0,66000
44,364,0,0,66000
44,365,0,0,66000
44,366,0,0,66000
44,367,0,0,66000
44,368,0,0,66000
44,369,0,0,66000
44,370,0,0,66000
44,371,0,0,66000
44,372,0,0,66000
44,373,0,0,66000
44,374,0,0,66000
44,375,0,0,66000
44,376,0,0,66000
44,377,0,0,66000
44,378,0,0,66000
44,379,0,0,66000
44,380,0,0,66000
955,320,0,0,66000
955,321,0,0,66000
955,322,0,0,66000
955,323,0,0,66000
955,324,0,0,66000
955,325,0,0,66000
955,326,0,0,66000
955,327,0,0,66000
955,328,0,0,66000
955,329,0,0,66000
955,330,0,0,66000
955,331,0,0,66000
955,332,0,0,66000
955,333,0,0,66000
955,334,0,0,66000
955,335,0,0,66000
955,336,0,0,66000
955,337,0,0,66000
955,338,0,0,66000
955,339,0,0,66000
955,340,0,0,66000
955,341,0,0,66000
955,342,0,0,66000
955,343,0,0,66000
955,344,0,0,66000
955,345,0,0,66000
955,346,0,0,66000
955,347,0,0,66000
955,348,0,0,66000
955,349,0,0,66000
955,350,0,0,66000
955,351,0,0,66000
955,352,0,0,66000
955,353,0,0,66000
955,354,0,0,66000
955,355,0,0,66000
955,356,0,0,66000
955,357,0,0,66000
955,358,0,0,66000
955,359,0,0,66000
955,360,0,0,66000
955,361,0,0,66000
955,362,0,0,66000
955,363,0,0,66000
955,364,0,0,66000
955,365,0,0,66000
955,366,0,0,66000
955,367,0,0,66000
955,368,0,0,66000
955,369,0,0,66000
955,370,0,0,66000
955,371,0,0,66000
955,372,0,0,66000
955,373,0,0,66000
955,374,0,0,66000
955,375,0,0,66000
955,376,0,0,66000
955,377,0,0,66000
955,378,0,0,66000
955,379,0,0,66000
955,380,0,0,66000
2645,320,0,0,66000
2645,321,0,0,66000
2645,322,0,0,66000
2645,323,0,0,66000
2645,324,0,0,66000
2645,325,0,0,66000
2645,326,0,0,66000
2645,327,0,0,66000
2645,328,0,0,66000
2645,329,0,0,66000
2645,330,0,0,66000
2645,331,0,0,66000
2645,332,0,0,66000
2645,333,0,0,66000
2645,334,0,0,66000
2645,335,0,0,66000
2645,336,0,0,66000
2645,337,0,0,66000
2645,338,0,0,66000
2645,339,0,0,66000
2645,340,0,0,66000
2645,341,0,0,66000
2645,342,0,0,66000
2645,343,0,0,66000
2645,344,0,0,66000
2645,345,0,0,66000
2645,346,0,0,66000
2645,347,0,0,66000
2645,348,0,0,66000
2645,349,0,0,66000
2645,350,0,0,66000
2645,351,0,0,66000
2645,352,0,0,66000
2645,353,0,0,66000
2645,354,0,0,66000
2645,355,0,0,66000
2645,356,0,0,66000
2645,357,0,0,66000
2645,358,0,0,66000
2645,359,0,0,66000
2645,360,0,0,66000
2645,361,0,0,66000
2645,362,0,0,66000
2645,363,0,0,66000
2645,364,0,0,66000
2645,365,0,0,66000
2645,366,0,0,66000
2645,367,0,0,66000
2645,368,0,0,66000
2645,369,0,0,66000
2645,370,0,0,66000
2645,371,0,0,66000
2645,372,0,0,66000
2645,373,0,0,66000
2645,374,0,0,66000
2645,375,0,0,66000
2645,376,0,0,66000
2645,377,0,0,66000
2645,378,0,0,66000
2645,379,0,0,66000
2645,380,0,0,66000
345,320,0,0,66000
345,321,0,0,66000
345,322,0,0,66000
345,323,0,0,66000
345,324,0,0,66000
345,325,0,0,66000
345,326,0,0,66000
345,327,0,0,66000
345,328,0,0,66000
345,329,0,0,66000
345,330,0,0,66000
345,331,0,0,66000
345,332,0,0,66000
345,333,0,0,66000
345,334,0,0,66000
345,335,0,0,66000
345,336,0,0,66000
345,337,0,0,66000
345,338,0,0,66000
345,339,0,0,66000
345,340,0,0,66000
345,341,0,0,66000
345,342,0,0,66000
345,343,0,0,66000
345,344,0,0,66000
345,345,0,0,66000
345,346,0,0,66000
345,347,0,0,66000
345,348,0,0,66000
345,349,0,0,66000
345,350,0,0,66000
345,351,0,0,66000
345,352,0,0,66000
345,353,0,0,66000
345,354,0,0,66000
345,355,0,0,66000
345,356,0,0,66000
345,357,0,0,66000
345,358,0,0,66000
345,359,0,0,66000
345,360,0,0,66000
345,361,0,0,66000
345,362,0,0,66000
345,363,0,0,66000
345,364,0,0,66000
345,365,0,0,66000
345,366,0,0,66000
345,367,0,0,66000
345,368,0,0,66000
345,369,0,0,66000
345,370,0,0,66000
345,371,0,0,66000
345,372,0,0,66000
345,373,0,0,66000
345,374,0,0,66000
345,375,0,0,66000
345,376,0,0,66000
345,377,0,0,66000
345,378,0,0,66000
345,379,0,0,66000
345,380,0,0,66000
399,320,0,0,66000
399,321,12500,1,66000
399,322,12500,1,66000
399,323,12500,1,66000
399,324,0,0,66000
399,325,0,0,66000
399,326,0,0,66000
399,327,0,0,66000
399,328,0,0,66000
399,329,0,0,66000
399,330,0,0,66000
399,331,0,0,66000
399,332,0,0,66000
399,333,0,0,66000
399,334,0,0,66000
399,335,0,0,66000
399,336,0,0,66000
399,337,0,0,66000
399,338,0,0,66000
399,339,0,0,66000
399,340,0,0,66000
399,341,0,0,66000
399,342,0,0,66000
399,343,0,0,66000
399,344,0,0,66000
399,345,0,0,66000
399,346,0,0,66000
399,347,0,0,66000
399,348,0,0,66000
399,349,0,0,66000
399,350,0,0,66000
399,351,0,0,66000
399,352,0,0,66000
399,353,0,0,66000
399,354,0,0,66000
399,355,0,0,66000
399,356,0,0,66000
399,357,0,0,66000
399,358,0,0,66000
399,359,0,0,66000
399,360,0,0,66000
399,361,0,0,66000
399,362,0,0,66000
399,363,0,0,66000
399,364,0,0,66000
399,365,0,0,66000
399,366,0,0,66000
399,367,0,0,66000
399,368,0,0,66000
399,369,0,0,66000
399,370,0,0,66000
399,371,0,0,66000
399,372,0,0,66000
399,373,0,0,66000
399,374,0,0,66000
399,375,0,0,66000
399,376,0,0,66000
399,377,0,0,66000
399,378,0,0,66000
399,379,0,0,66000
399,380,0,0,66000
73,320,0,0,66000
73,321,0,0,66000
73,322,0,0,66000
73,323,0,0,66000
73,324,0,0,66000
73,325,0,0,66000
73,326,0,0,66000
73,327,0,0,66000
73,328,0,0,66000
73,329,0,0,66000
73,330,0,0,66000
73,331,0,0,66000
73,332,0,0,66000
73,333,0,0,66000
73,334,0,0,66000
73,335,0,0,66000
73,336,0,0,66000
73,337,0,0,66000
73,338,0,0,66000
73,339,0,0,66000
73,340,0,0,66000
73,341,0,0,66000
73,342,0,0,66000
73,343,0,0,66000
73,344,0,0,66000
73,345,0,0,66000
73,346,0,0,66000
73,347,0,0,66000
73,348,0,0,66000
73,349,0,0,66000
73,350,0,0,66000
73,351,0,0,66000
73,352,0,0,66000
73,353,0,0,66000
73,354,0,0,66000
73,355,0,0,66000
73,356,0,0,66000
73,357,0,0,66000
73,358,0,0,66000
73,359,0,0,66000
73,360,0,0,66000
73,361,0,0,66000
73,362,0,0,66000
73,363,0,0,66000
73,364,0,0,66000
73,365,0,0,66000
73,366,0,0,66000
73,367,0,0,66000
73,368,0,0,66000
73,369,0,0,66000
73,370,0,0,66000
73,371,0,0,66000
73,372,0,0,66000
73,373,0,0,66000
73,374,0,0,66000
73,375,0,0,66000
73,376,0,0,66000
73,377,0,0,66000
73,378,0,0,66000
73,379,0,0,66000
73,380,0,0,66000
1036,320,0,0,66000
1036,321,0,0,66000
1036,322,0,0,66000
1036,323,0,0,66000
1036,324,0,0,66000
1036,325,0,0,66000
1036,326,0,0,66000
1036,327,0,0,66000
1036,328,0,0,66000
1036,329,0,0,66000
1036,330,0,0,66000
1036,331,0,0,66000
1036,332,0,0,66000
1036,333,0,0,66000
1036,334,0,0,66000
1036,335,0,0,66000
1036,336,0,0,66000
1036,337,0,0,66000
1036,338,0,0,66000
1036,339,0,0,66000
1036,340,0,0,66000
1036,341,0,0,66000
1036,342,0,0,66000
1036,343,0,0,66000
1036,344,0,0,66000
1036,345,0,0,66000
1036,346,0,0,66000
1036,347,0,0,66000
1036,348,0,0,66000
1036,349,0,0,66000
1036,350,0,0,66000
1036,351,0,0,66000
1036,352,0,0,66000
1036,353,0,0,66000
1036,354,0,0,66000
1036,355,0,0,66000
1036,356,0,0,66000
1036,357,0,0,66000
1036,358,0,0,66000
1036,359,0,0,66000
1036,360,0,0,66000
1036,361,0,0,66000
1036,362,0,0,66000
1036,363,0,0,66000
1036,364,0,0,66000
1036,365,0,0,66000
1036,366,0,0,66000
1036,367,0,0,66000
1036,368,0,0,66000
1036,369,0,0,66000
1036,370,0,0,66000
1036,371,0,0,66000
1036,372,0,0,66000
1036,373,0,0,66000
1036,374,0,0,66000
1036,375,0,0,66000
1036,376,0,0,66000
1036,377,0,0,66000
1036,378,0,0,66000
1036,379,0,0,66000
1036,380,0,0,66000
1955,320,0,0,66000
1955,321,0,0,66000
1955,322,0,0,66000
1955,323,0,0,66000
1955,324,0,0,66000
1955,325,0,0,66000
1955,326,0,0,66000
1955,327,0,0,66000
1955,328,0,0,66000
1955,329,0,0,66000
1955,330,0,0,66000
1955,331,0,0,66000
1955,332,0,0,66000
1955,333,0,0,66000
1955,334,0,0,66000
1955,335,0,0,66000
1955,336,0,0,66000
1955,337,0,0,66000
1955,338,0,0,66000
1955,339,0,0,66000
1955,340,0,0,66000
1955,341,0,0,66000
1955,342,0,0,66000
1955,343,0,0,66000
1955,344,0,0,66000
1955,345,0,0,66000
1955,346,0,0,66000
1955,347,0,0,66000
1955,348,0,0,66000
1955,349,0,0,66000
1955,350,0,0,66000
1955,351,0,0,66000
1955,352,0,0,66000
1955,353,0,0,66000
1955,354,0,0,66000
1955,355,0,0,66000
1955,356,0,0,66000
1955,357,0,0,66000
1955,358,0,0,66000
1955,359,0,0,66000
1955,360,0,0,66000
1955,361,0,0,66000
1955,362,0,0,66000
1955,363,0,0,66000
1955,364,0,0,66000
1955,365,0,0,66000
1955,366,0,0,66000
1955,367,0,0,66000
1955,368,0,0,66000
1955,369,0,0,66000
1955,370,0,0,66000
1955,371,0,0,66000
1955,372,0,0,66000
1955,373,0,0,66000
1955,374,0,0,66000
1955,375,0,0,66000
1955,376,0,0,66000
1955,377,0,0,66000
1955,378,0,0,66000
1955,379,0,0,66000
1955,380,0,0,66000
991,320,0,0,66000
991,321,0,0,66000
991,322,0,0,66000
991,323,0,0,66000
991,324,0,0,66000
991,325,0,0,66000
991,326,0,0,66000
991,327,0,0,66000
991,328,0,0,66000
991,329,0,0,66000
991,330,0,0,66000
991,331,0,0,66000
991,332,0,0,66000
991,333,0,0,66000
991,334,0,0,66000
991,335,0,0,66000
991,336,0,0,66000
991,337,0,0,66000
991,338,0,0,66000
991,339,0,0,66000
991,340,0,0,66000
991,341,0,0,66000
991,342,0,0,66000
991,343,0,0,66000
991,344,0,0,66000
991,345,0,0,66000
991,346,0,0,66000
991,347,0,0,66000
991,348,0,0,66000
991,349,0,0,66000
991,350,0,0,66000
991,351,0,0,66000
991,352,0,0,66000
991,353,0,0,66000
991,354,0,0,66000
991,355,0,0,66000
991,356,0,0,66000
991,357,0,0,66000
991,358,0,0,66000
991,359,0,0,66000
991,360,0,0,66000
991,361,0,0,66000
991,362,0,0,66000
991,363,0,0,66000
991,364,0,0,66000
991,365,0,0,66000
991,366,0,0,66000
991,367,0,0,66000
991,368,0,0,66000
991,369,0,0,66000
991,370,0,0,66000
991,371,0,0,66000
991,372,0,0,66000
991,373,0,0,66000
991,374,0,0,66000
991,375,0,0,66000
991,376,0,0,66000
991,377,0,0,66000
991,378,0,0,66000
991,379,0,0,66000
991,380,0,0,66000
1233,320,0,0,66000
1233,321,0,0,66000
1233,322,0,0,66000
1233,323,0,0,66000
1233,324,0,0,66000
1233,325,0,0,66000
1233,326,0,0,66000
1233,327,0,0,66000
1233,328,0,0,66000
1233,329,0,0,66000
1233,330,0,0,66000
1233,331,0,0,66000
1233,332,0,0,66000
1233,333,0,0,66000
1233,334,0,0,66000
1233,335,0,0,66000
1233,336,0,0,66000
1233,337,0,0,66000
1233,338,0,0,66000
1233,339,0,0,66000
1233,340,0,0,66000
1233,341,0,0,66000
1233,342,0,0,66000
1233,343,0,0,66000
1233,344,0,0,66000
1233,345,0,0,66000
1233,346,0,0,66000
1233,347,0,0,66000
1233,348,0,0,66000
1233,349,0,0,66000
1233,350,0,0,66000
1233,351,0,0,66000
1233,352,0,0,66000
1233,353,0,0,66000
1233,354,0,0,66000
1233,355,0,0,66000
1233,356,0,0,66000
1233,357,0,0,66000
1233,358,0,0,66000
1233,359,0,0,66000
1233,360,0,0,66000
1233,361,0,0,66000
1233,362,0,0,66000
1233,363,0,0,66000
1233,364,0,0,66000
1233,365,0,0,66000
1233,366,0,0,66000
1233,367,0,0,66000
1233,368,0,0,66000
1233,369,0,0,66000
1233,370,0,0,66000
1233,371,0,0,66000
1233,372,0,0,66000
1233,373,0,0,66000
1233,374,0,0,66000
1233,375,0,0,66000
1233,376,0,0,66000
1233,377,0,0,66000
1233,378,0,0,66000
1233,379,0,0,66000
1233,380,0,0,66000
533,320,0,0,66000
533,321,0,0,66000
533,322,0,0,66000
533,323,0,0,66000
533,324,0,0,66000
533,325,0,0,66000
533,326,0,0,66000
533,327,0,0,66000
533,328,0,0,66000
533,329,0,0,66000
533,330,0,0,66000
533,331,0,0,66000
533,332,0,0,66000
533,333,0,0,66000
533,334,0,0,66000
533,335,0,0,66000
533,336,0,0,66000
533,337,0,0,66000
533,338,0,0,66000
533,339,0,0,66000
533,340,0,0,66000
533,341,0,0,66000
533,342,0,0,66000
533,343,0,0,66000
533,344,0,0,66000
533,345,0,0,66000
533,346,0,0,66000
533,347,0,0,66000
533,348,0,0,66000
533,349,0,0,66000
533,350,0,0,66000
533,351,0,0,66000
533,352,0,0,66000
533,353,0,0,66000
533,354,0,0,66000
533,355,0,0,66000
533,356,0,0,66000
533,357,0,0,66000
533,358,0,0,66000
533,359,0,0,66000
533,360,0,0,66000
533,361,0,0,66000
533,362,0,0,66000
533,363,0,0,66000
533,364,0,0,66000
533,365,0,0,66000
533,366,0,0,66000
533,367,0,0,66000
533,368,0,0,66000
533,369,0,0,66000
533,370,0,0,66000
533,371,0,0,66000
533,372,0,0,66000
533,373,0,0,66000
533,374,0,0,66000
533,375,0,0,66000
533,376,0,0,66000
533,377,0,0,66000
533,378,0,0,66000
533,379,0,0,66000
533,380,0,0,66000
1385,320,0,0,66000
1385,321,0,0,66000
1385,322,0,0,66000
1385,323,0,0,66000
1385,324,0,0,66000
1385,325,0,0,66000
1385,326,0,0,66000
1385,327,0,0,66000
1385,328,0,0,66000
1385,329,0,0,66000
1385,330,0,0,66000
1385,331,0,0,66000
1385,332,0,0,66000
1385,333,0,0,66000
1385,334,0,0,66000
1385,335,0,0,66000
1385,336,0,0,66000
1385,337,0,0,66000
1385,338,0,0,66000
1385,339,0,0,66000
1385,340,0,0,66000
1385,341,0,0,66000
1385,342,0,0,66000
1385,343,0,0,66000
1385,344,0,0,66000
1385,345,0,0,66000
1385,346,0,0,66000
1385,347,0,0,66000
1385,348,0,0,66000
1385,349,0,0,66000
1385,350,0,0,66000
1385,351,0,0,66000
1385,352,0,0,66000
1385,353,0,0,66000
1385,354,0,0,66000
1385,355,0,0,66000
1385,356,0,0,66000
1385,357,0,0,66000
1385,358,0,0,66000
1385,359,0,0,66000
1385,360,0,0,66000
1385,361,0,0,66000
1385,362,0,0,66000
1385,363,0,0,66000
1385,364,0,0,66000
1385,365,0,0,66000
1385,366,0,0,66000
1385,367,0,0,66000
1385,368,0,0,66000
1385,369,0,0,66000
1385,370,0,0,66000
1385,371,0,0,66000
1385,372,0,0,66000
1385,373,0,0,66000
1385,374,0,0,66000
1385,375,0,0,66000
1385,376,0,0,66000
1385,377,0,0,66000
1385,378,0,0,66000
1385,379,0,0,66000
1385,380,0,0,66000
2730,320,0,0,66000
2730,321,0,0,66000
2730,322,0,0,66000
2730,323,0,0,66000
2730,324,0,0,66000
2730,325,0,0,66000
2730,326,0,0,66000
2730,327,0,0,66000
2730,328,0,0,66000
2730,329,12500,1,66000
2730,330,12500,1,66000
2730,331,12500,1,66000
2730,332,12500,1,66000
2730,333,12500,1,66000
2730,334,12500,1,66000
2730,335,12500,1,66000
2730,336,12500,1,66000
2730,337,12500,1,66000
2730,338,12500,1,66000
2730,339,12500,1,66000
2730,340,12500,1,66000
2730,341,12500,1,66000
2730,342,12500,1,66000
2730,343,12500,1,66000
2730,344,12500,1,66000
2730,345,12500,1,66000
2730,346,12500,1,66000
2730,347,12500,1,66000
2730,348,0,0,66000
2730,349,0,0,66000
2730,350,0,0,66000
2730,351,0,0,66000
2730,352,0,0,66000
2730,353,0,0,66000
2730,354,0,0,66000
2730,355,0,0,66000
2730,356,0,0,66000
2730,357,0,0,66000
2730,358,0,0,66000
2730,359,0,0,66000
2730,360,0,0,66000
2730,361,0,0,66000
2730,362,0,0,66000
2730,363,0,0,66000
2730,364,0,0,66000
2730,365,0,0,66000
2730,366,0,0,66000
2730,367,0,0,66000
2730,368,0,0,66000
2730,369,0,0,66000
2730,370,0,0,66000
2730,371,0,0,66000
2730,372,0,0,66000
2730,373,0,0,66000
2730,374,0,0,66000
2730,375,0,0,66000
2730,376,0,0,66000
2730,377,0,0,66000
2730,378,0,0,66000
2730,379,0,0,66000
2730,380,0,0,66000
682,320,0,0,66000
682,321,0,0,66000
682,322,0,0,66000
682,323,0,0,66000
682,324,0,0,66000
682,325,0,0,66000
682,326,0,0,66000
682,327,0,0,66000
682,328,0,0,66000
682,329,0,0,66000
682,330,0,0,66000
682,331,0,0,66000
682,332,0,0,66000
682,333,0,0,66000
682,334,0,0,66000
682,335,0,0,66000
682,336,0,0,66000
682,337,0,0,66000
682,338,0,0,66000
682,339,0,0,66000
682,340,0,0,66000
682,341,0,0,66000
682,342,0,0,66000
682,343,0,0,66000
682,344,0,0,66000
682,345,0,0,66000
682,346,0,0,66000
682,347,0,0,66000
682,348,0,0,66000
682,349,0,0,66000
682,350,0,0,66000
682,351,0,0,66000
682,352,0,0,66000
682,353,0,0,66000
682,354,0,0,66000
682,355,0,0,66000
682,356,0,0,66000
682,357,0,0,66000
682,358,0,0,66000
682,359,0,0,66000
682,360,0,0,66000
682,361,0,0,66000
682,362,0,0,66000
682,363,0,0,66000
682,364,0,0,66000
682,365,0,0,66000
682,366,0,0,66000
682,367,0,0,66000
682,368,0,0,66000
682,369,0,0,66000
682,370,0,0,66000
682,371,0,0,66000
682,372,0,0,66000
682,373,0,0,66000
682,374,0,0,66000
682,375,0,0,66000
682,376,0,0,66000
682,377,0,0,66000
682,378,0,0,66000
682,379,0,0,66000
682,380,0,0,66000
1457,320,0,0,66000
1457,321,0,0,66000
1457,322,0,0,66000
1457,323,0,0,66000
1457,324,0,0,66000
1457,325,25000,2,66000
1457,326,25000,2,66000
1457,327,25000,2,66000
1457,328,25000,2,66000
1457,329,37500,3,66000
1457,330,37500,3,66000
1457,331,25000,2,66000
1457,332,25000,2,66000
1457,333,12500,1,66000
1457,334,12500,1,66000
1457,335,12500,1,66000
1457,336,12500,1,66000
1457,337,12500,1,66000
1457,338,12500,1,66000
1457,339,12500,1,66000
1457,340,12500,1,66000
1457,341,0,0,66000
1457,342,0,0,66000
1457,343,0,0,66000
1457,344,0,0,66000
1457,345,0,0,66000
1457,346,0,0,66000
1457,347,0,0,66000
1457,348,0,0,66000
1457,349,0,0,66000
1457,350,0,0,66000
1457,351,0,0,66000
1457,352,0,0,66000
1457,353,0,0,66000
1457,354,0,0,66000
1457,355,0,0,66000
1457,356,0,0,66000
1457,357,0,0,66000
1457,358,0,0,66000
1457,359,0,0,66000
1457,360,0,0,66000
1457,361,0,0,66000
1457,362,0,0,66000
1457,363,0,0,66000
1457,364,0,0,66000
1457,365,0,0,66000
1457,366,0,0,66000
1457,367,0,0,66000
1457,368,0,0,66000
1457,369,0,0,66000
1457,370,0,0,66000
1457,371,0,0,66000
1457,372,0,0,66000
1457,373,0,0,66000
1457,374,0,0,66000
1457,375,0,0,66000
1457,376,0,0,66000
1457,377,0,0,66000
1457,378,0,0,66000
1457,379,0,0,66000
1457,380,0,0,66000
1330,320,0,0,66000
1330,321,0,0,66000
1330,322,0,0,66000
1330,323,12500,1,66000
1330,324,12500,1,66000
1330,325,12500,1,66000
1330,326,12500,1,66000
1330,327,0,0,66000
1330,328,0,0,66000
1330,329,0,0,66000
1330,330,0,0,66000
1330,331,0,0,66000
1330,332,0,0,66000
1330,333,0,0,66000
1330,334,0,0,66000
1330,335,0,0,66000
1330,336,0,0,66000
1330,337,0,0,66000
1330,338,0,0,66000
1330,339,0,0,66000
1330,340,0,0,66000
1330,341,0,0,66000
1330,342,0,0,66000
1330,343,0,0,66000
1330,344,0,0,66000
1330,345,0,0,66000
1330,346,0,0,66000
1330,347,0,0,66000
1330,348,0,0,66000
1330,349,0,0,66000
1330,350,0,0,66000
1330,351,0,0,66000
1330,352,0,0,66000
1330,353,0,0,66000
1330,354,0,0,66000
1330,355,0,0,66000
1330,356,0,0,66000
1330,357,0,0,66000
1330,358,0,0,66000
1330,359,0,0,66000
1330,360,0,0,66000
1330,361,0,0,66000
1330,362,0,0,66000
1330,363,0,0,66000
1330,364,0,0,66000
1330,365,0,0,66000
1330,366,0,0,66000
1330,367,0,0,66000
1330,368,0,0,66000
1330,369,0,0,66000
1330,370,0,0,66000
1330,371,0,0,66000
1330,372,0,0,66000
1330,373,0,0,66000
1330,374,0,0,66000
1330,375,0,0,66000
1330,376,0,0,66000
1330,377,0,0,66000
1330,378,0,0,66000
1330,379,0,0,66000
1330,380,0,0,66000
251,320,0,0,66000
251,321,0,0,66000
251,322,0,0,66000
251,323,0,0,66000
251,324,0,0,66000
251,325,0,0,66000
251,326,0,0,66000
251,327,0,0,66000
251,328,0,0,66000
251,329,0,0,66000
251,330,0,0,66000
251,331,0,0,66000
251,332,0,0,66000
251,333,0,0,66000
251,334,0,0,66000
251,335,0,0,66000
251,336,0,0,66000
251,337,0,0,66000
251,338,0,0,66000
251,339,0,0,66000
251,340,0,0,66000
251,341,0,0,66000
251,342,0,0,66000
251,343,0,0,66000
251,344,0,0,66000
251,345,0,0,66000
251,346,0,0,66000
251,347,0,0,66000
251,348,0,0,66000
251,349,0,0,66000
251,350,0,0,66000
251,351,0,0,66000
251,352,0,0,66000
251,353,0,0,66000
251,354,0,0,66000
251,355,0,0,66000
251,356,0,0,66000
251,357,0,0,66000
251,358,0,0,66000
251,359,0,0,66000
251,360,0,0,66000
251,361,0,0,66000
251,362,0,0,66000
251,363,0,0,66000
251,364,0,0,66000
251,365,0,0,66000
251,366,0,0,66000
251,367,0,0,66000
251,368,0,0,66000
251,369,0,0,66000
251,370,0,0,66000
251,371,0,0,66000
251,372,0,0,66000
251,373,0,0,66000
251,374,0,0,66000
251,375,0,0,66000
251,376,0,0,66000
251,377,0,0,66000
251,378,0,0,66000
251,379,0,0,66000
251,380,0,0,66000
1357,320,0,0,66000
1357,321,0,0,66000
1357,322,0,0,66000
1357,323,0,0,66000
1357,324,0,0,66000
1357,325,0,0,66000
1357,326,0,0,66000
1357,327,0,0,66000
1357,328,0,0,66000
1357,329,0,0,66000
1357,330,0,0,66000
1357,331,0,0,66000
1357,332,0,0,66000
1357,333,0,0,66000
1357,334,0,0,66000
1357,335,0,0,66000
1357,336,0,0,66000
1357,337,0,0,66000
1357,338,0,0,66000
1357,339,0,0,66000
1357,340,0,0,66000
1357,341,0,0,66000
1357,342,0,0,66000
1357,343,0,0,66000
1357,344,0,0,66000
1357,345,0,0,66000
1357,346,0,0,66000
1357,347,0,0,66000
1357,348,0,0,66000
1357,349,0,0,66000
1357,350,0,0,66000
1357,351,0,0,66000
1357,352,0,0,66000
1357,353,0,0,66000
1357,354,0,0,66000
1357,355,0,0,66000
1357,356,0,0,66000
1357,357,0,0,66000
1357,358,0,0,66000
1357,359,0,0,66000
1357,360,0,0,66000
1357,361,0,0,66000
1357,362,0,0,66000
1357,363,0,0,66000
1357,364,0,0,66000
1357,365,0,0,66000
1357,366,0,0,66000
1357,367,0,0,66000
1357,368,0,0,66000
1357,369,0,0,66000
1357,370,0,0,66000
1357,371,0,0,66000
1357,372,0,0,66000
1357,373,0,0,66000
1357,374,0,0,66000
1357,375,0,0,66000
1357,376,0,0,66000
1357,377,0,0,66000
1357,378,0,0,66000
1357,379,0,0,66000
1357,380,0,0,66000
1504,320,0,0,66000
1504,321,0,0,66000
1504,322,0,0,66000
1504,323,12500,1,66000
1504,324,12500,1,66000
1504,325,12500,1,66000
1504,326,12500,1,66000
1504,327,12500,1,66000
1504,328,12500,1,66000
1504,329,12500,1,66000
1504,330,12500,1,66000
1504,331,12500,1,66000
1504,332,12500,1,66000
1504,333,12500,1,66000
1504,334,12500,1,66000
1504,335,12500,1,66000
1504,336,12500,1,66000
1504,337,12500,1,66000
1504,338,12500,1,66000
1504,339,12500,1,66000
1504,340,0,0,66000
1504,341,0,0,66000
1504,342,0,0,66000
1504,343,0,0,66000
1504,344,0,0,66000
1504,345,0,0,66000
1504,346,0,0,66000
1504,347,0,0,66000
1504,348,0,0,66000
1504,349,0,0,66000
1504,350,0,0,66000
1504,351,0,0,66000
1504,352,0,0,66000
1504,353,0,0,66000
1504,354,0,0,66000
1504,355,0,0,66000
1504,356,0,0,66000
1504,357,0,0,66000
1504,358,0,0,66000
1504,359,0,0,66000
1504,360,0,0,66000
1504,361,0,0,66000
1504,362,0,0,66000
1504,363,0,0,66000
1504,364,0,0,66000
1504,365,0,0,66000
1504,366,0,0,66000
1504,367,0,0,66000
1504,368,0,0,66000
1504,369,0,0,66000
1504,370,0,0,66000
1504,371,0,0,66000
1504,372,0,0,66000
1504,373,0,0,66000
1504,374,0,0,66000
1504,375,0,0,66000
1504,376,0,0,66000
1504,377,0,0,66000
1504,378,0,0,66000
1504,379,0,0,66000
1504,380,0,0,66000
1456,320,0,0,66000
1456,321,0,0,66000
1456,322,0,0,66000
1456,323,0,0,66000
1456,324,0,0,66000
1456,325,0,0,66000
1456,326,0,0,66000
1456,327,0,0,66000
1456,328,0,0,66000
1456,329,0,0,66000
1456,330,0,0,66000
1456,331,0,0,66000
1456,332,0,0,66000
1456,333,0,0,66000
1456,334,0,0,66000
1456,335,0,0,66000
1456,336,0,0,66000
1456,337,0,0,66000
1456,338,0,0,66000
1456,339,0,0,66000
1456,340,0,0,66000
1456,341,0,0,66000
1456,342,0,0,66000
1456,343,0,0,66000
1456,344,0,0,66000
1456,345,0,0,66000
1456,346,0,0,66000
1456,347,0,0,66000
1456,348,0,0,66000
1456,349,0,0,66000
1456,350,0,0,66000
1456,351,0,0,66000
1456,352,0,0,66000
1456,353,0,0,66000
1456,354,0,0,66000
1456,355,0,0,66000
1456,356,0,0,66000
1456,357,0,0,66000
1456,358,0,0,66000
1456,359,0,0,66000
1456,360,0,0,66000
1456,361,0,0,66000
1456,362,0,0,66000
1456,363,0,0,66000
1456,364,0,0,66000
1456,365,0,0,66000
1456,366,0,0,66000
1456,367,0,0,66000
1456,368,0,0,66000
1456,369,0,0,66000
1456,370,0,0,66000
1456,371,0,0,66000
1456,372,0,0,66000
1456,373,0,0,66000
1456,374,0,0,66000
1456,375,0,0,66000
1456,376,0,0,66000
1456,377,0,0,66000
1456,378,0,0,66000
1456,379,0,0,66000
1456,380,0,0,66000
2726,320,0,0,66000
2726,321,0,0,66000
2726,322,0,0,66000
2726,323,0,0,66000
2726,324,0,0,66000
2726,325,0,0,66000
2726,326,0,0,66000
2726,327,0,0,66000
2726,328,0,0,66000
2726,329,0,0,66000
2726,330,0,0,66000
2726,331,0,0,66000
2726,332,0,0,66000
2726,333,0,0,66000
2726,334,0,0,66000
2726,335,0,0,66000
2726,336,0,0,66000
2726,337,0,0,66000
2726,338,0,0,66000
2726,339,0,0,66000
2726,340,0,0,66000
2726,341,0,0,66000
2726,342,0,0,66000
2726,343,0,0,66000
2726,344,0,0,66000
2726,345,0,0,66000
2726,346,0,0,66000
2726,347,0,0,66000
2726,348,0,0,66000
2726,349,0,0,66000
2726,350,0,0,66000
2726,351,0,0,66000
2726,352,0,0,66000
2726,353,0,0,66000
2726,354,0,0,66000
2726,355,0,0,66000
2726,356,0,0,66000
2726,357,0,0,66000
2726,358,0,0,66000
2726,359,0,0,66000
2726,360,0,0,66000
2726,361,0,0,66000
2726,362,0,0,66000
2726,363,0,0,66000
2726,364,0,0,66000
2726,365,0,0,66000
2726,366,0,0,66000
2726,367,0,0,66000
2726,368,0,0,66000
2726,369,0,0,66000
2726,370,0,0,66000
2726,371,0,0,66000
2726,372,0,0,66000
2726,373,0,0,66000
2726,374,0,0,66000
2726,375,0,0,66000
2726,376,0,0,66000
2726,377,0,0,66000
2726,378,0,0,66000
2726,379,0,0,66000
2726,380,0,0,66000
2060,320,0,0,66000
2060,321,0,0,66000
2060,322,0,0,66000
2060,323,0,0,66000
2060,324,0,0,66000
2060,325,0,0,66000
2060,326,0,0,66000
2060,327,0,0,66000
2060,328,0,0,66000
2060,329,0,0,66000
2060,330,0,0,66000
2060,331,0,0,66000
2060,332,0,0,66000
2060,333,0,0,66000
2060,334,0,0,66000
2060,335,0,0,66000
2060,336,0,0,66000
2060,337,0,0,66000
2060,338,0,0,66000
2060,339,0,0,66000
2060,340,0,0,66000
2060,341,0,0,66000
2060,342,0,0,66000
2060,343,0,0,66000
2060,344,0,0,66000
2060,345,0,0,66000
2060,346,0,0,66000
2060,347,0,0,66000
2060,348,0,0,66000
2060,349,0,0,66000
2060,350,0,0,66000
2060,351,0,0,66000
2060,352,0,0,66000
2060,353,0,0,66000
2060,354,0,0,66000
2060,355,0,0,66000
2060,356,0,0,66000
2060,357,0,0,66000
2060,358,0,0,66000
2060,359,0,0,66000
2060,360,0,0,66000
2060,361,0,0,66000
2060,362,0,0,66000
2060,363,0,0,66000
2060,364,0,0,66000
2060,365,0,0,66000
2060,366,0,0,66000
2060,367,0,0,66000
2060,368,0,0,66000
2060,369,0,0,66000
2060,370,0,0,66000
2060,371,0,0,66000
2060,372,0,0,66000
2060,373,0,0,66000
2060,374,0,0,66000
2060,375,0,0,66000
2060,376,0,0,66000
2060,377,0,0,66000
2060,378,0,0,66000
2060,379,0,0,66000
2060,380,0,0,66000
2372,320,0,0,66000
2372,321,0,0,66000
2372,322,0,0,66000
2372,323,0,0,66000
2372,324,0,0,66000
2372,325,0,0,66000
2372,326,0,0,66000
2372,327,0,0,66000
2372,328,0,0,66000
2372,329,0,0,66000
2372,330,0,0,66000
2372,331,0,0,66000
2372,332,0,0,66000
2372,333,0,0,66000
2372,334,0,0,66000
2372,335,0,0,66000
2372,336,0,0,66000
2372,337,0,0,66000
2372,338,0,0,66000
2372,339,0,0,66000
2372,340,0,0,66000
2372,341,0,0,66000
2372,342,0,0,66000
2372,343,0,0,66000
2372,344,0,0,66000
2372,345,0,0,66000
2372,346,0,0,66000
2372,347,0,0,66000
2372,348,0,0,66000
2372,349,0,0,66000
2372,350,0,0,66000
2372,351,0,0,66000
2372,352,0,0,66000
2372,353,0,0,66000
2372,354,0,0,66000
2372,355,0,0,66000
2372,356,0,0,66000
2372,357,0,0,66000
2372,358,0,0,66000
2372,359,0,0,66000
2372,360,0,0,66000
2372,361,0,0,66000
2372,362,0,0,66000
2372,363,0,0,66000
2372,364,0,0,66000
2372,365,0,0,66000
2372,366,0,0,66000
2372,367,0,0,66000
2372,368,0,0,66000
2372,369,0,0,66000
2372,370,0,0,66000
2372,371,0,0,66000
2372,372,0,0,66000
2372,373,0,0,66000
2372,374,0,0,66000
2372,375,0,0,66000
2372,376,0,0,66000
2372,377,0,0,66000
2372,378,0,0,66000
2372,379,0,0,66000
2372,380,0,0,66000
2371,320,0,0,66000
2371,321,0,0,66000
2371,322,0,0,66000
2371,323,0,0,66000
2371,324,0,0,66000
2371,325,0,0,66000
2371,326,12500,1,66000
2371,327,12500,1,66000
2371,328,12500,1,66000
2371,329,12500,1,66000
2371,330,12500,1,66000
2371,331,12500,1,66000
2371,332,12500,1,66000
2371,333,12500,1,66000
2371,334,12500,1,66000
2371,335,12500,1,66000
2371,336,0,0,66000
2371,337,0,0,66000
2371,338,0,0,66000
2371,339,0,0,66000
2371,340,0,0,66000
2371,341,0,0,66000
2371,342,0,0,66000
2371,343,0,0,66000
2371,344,0,0,66000
2371,345,0,0,66000
2371,346,0,0,66000
2371,347,0,0,66000
2371,348,0,0,66000
2371,349,0,0,66000
2371,350,0,0,66000
2371,351,0,0,66000
2371,352,0,0,66000
2371,353,0,0,66000
2371,354,0,0,66000
2371,355,0,0,66000
2371,356,0,0,66000
2371,357,0,0,66000
2371,358,0,0,66000
2371,359,0,0,66000
2371,360,0,0,66000
2371,361,0,0,66000
2371,362,0,0,66000
2371,363,0,0,66000
2371,364,0,0,66000
2371,365,0,0,66000
2371,366,0,0,66000
2371,367,0,0,66000
2371,368,0,0,66000
2371,369,0,0,66000
2371,370,0,0,66000
2371,371,0,0,66000
2371,372,0,0,66000
2371,373,0,0,66000
2371,374,0,0,66000
2371,375,0,0,66000
2371,376,0,0,66000
2371,377,0,0,66000
2371,378,0,0,66000
2371,379,0,0,66000
2371,380,0,0,66000
2365,320,0,0,66000
2365,321,0,0,66000
2365,322,0,0,66000
2365,323,0,0,66000
2365,324,0,0,66000
2365,325,0,0,66000
2365,326,0,0,66000
2365,327,0,0,66000
2365,328,0,0,66000
2365,329,0,0,66000
2365,330,0,0,66000
2365,331,0,0,66000
2365,332,0,0,66000
2365,333,0,0,66000
2365,334,0,0,66000
2365,335,0,0,66000
2365,336,0,0,66000
2365,337,0,0,66000
2365,338,0,0,66000
2365,339,0,0,66000
2365,340,0,0,66000
2365,341,0,0,66000
2365,342,0,0,66000
2365,343,0,0,66000
2365,344,0,0,66000
2365,345,0,0,66000
2365,346,0,0,66000
2365,347,0,0,66000
2365,348,0,0,66000
2365,349,0,0,66000
2365,350,0,0,66000
2365,351,0,0,66000
2365,352,0,0,66000
2365,353,0,0,66000
2365,354,0,0,66000
2365,355,0,0,66000
2365,356,0,0,66000
2365,357,0,0,66000
2365,358,0,0,66000
2365,359,0,0,66000
2365,360,0,0,66000
2365,361,0,0,66000
2365,362,0,0,66000
2365,363,0,0,66000
2365,364,0,0,66000
2365,365,0,0,66000
2365,366,0,0,66000
2365,367,0,0,66000
2365,368,0,0,66000
2365,369,0,0,66000
2365,370,0,0,66000
2365,371,0,0,66000
2365,372,0,0,66000
2365,373,0,0,66000
2365,374,0,0,66000
2365,375,0,0,66000
2365,376,0,0,66000
2365,377,0,0,66000
2365,378,0,0,66000
2365,379,0,0,66000
2365,380,0,0,66000
252,320,0,0,66000
252,321,0,0,66000
252,322,12500,1,66000
252,323,12500,1,66000
252,324,12500,1,66000
252,325,0,0,66000
252,326,0,0,66000
252,327,0,0,66000
252,328,0,0,66000
252,329,0,0,66000
252,330,0,0,66000
252,331,0,0,66000
252,332,0,0,66000
252,333,0,0,66000
252,334,0,0,66000
252,335,0,0,66000
252,336,0,0,66000
252,337,0,0,66000
252,338,0,0,66000
252,339,0,0,66000
252,340,0,0,66000
252,341,0,0,66000
252,342,0,0,66000
252,343,0,0,66000
252,344,0,0,66000
252,345,0,0,66000
252,346,0,0,66000
252,347,0,0,66000
252,348,0,0,66000
252,349,0,0,66000
252,350,0,0,66000
252,351,0,0,66000
252,352,0,0,66000
252,353,0,0,66000
252,354,0,0,66000
252,355,0,0,66000
252,356,0,0,66000
252,357,0,0,66000
252,358,0,0,66000
252,359,0,0,66000
252,360,0,0,66000
252,361,0,0,66000
252,362,0,0,66000
252,363,0,0,66000
252,364,0,0,66000
252,365,0,0,66000
252,366,0,0,66000
252,367,0,0,66000
252,368,0,0,66000
252,369,0,0,66000
252,370,0,0,66000
252,371,0,0,66000
252,372,0,0,66000
252,373,0,0,66000
252,374,0,0,66000
252,375,0,0,66000
252,376,0,0,66000
252,377,0,0,66000
252,378,0,0,66000
252,379,0,0,66000
252,380,0,0,66000
250,320,0,0,66000
250,321,0,0,66000
250,322,0,0,66000
250,323,0,0,66000
250,324,0,0,66000
250,325,0,0,66000
250,326,0,0,66000
250,327,0,0,66000
250,328,0,0,66000
250,329,0,0,66000
250,330,0,0,66000
250,331,0,0,66000
250,332,0,0,66000
250,333,0,0,66000
250,334,0,0,66000
250,335,0,0,66000
250,336,0,0,66000
250,337,0,0,66000
250,338,0,0,66000
250,339,0,0,66000
250,340,0,0,66000
250,341,0,0,66000
250,342,0,0,66000
250,343,0,0,66000
250,344,0,0,66000
250,345,0,0,66000
250,346,0,0,66000
250,347,0,0,66000
250,348,0,0,66000
250,349,0,0,66000
250,350,0,0,66000
250,351,0,0,66000
250,352,0,0,66000
250,353,0,0,66000
250,354,0,0,66000
250,355,0,0,66000
250,356,0,0,66000
250,357,0,0,66000
250,358,0,0,66000
250,359,0,0,66000
250,360,0,0,66000
250,361,0,0,66000
250,362,0,0,66000
250,363,0,0,66000
250,364,0,0,66000
250,365,0,0,66000
250,366,0,0,66000
250,367,0,0,66000
250,368,0,0,66000
250,369,0,0,66000
250,370,0,0,66000
250,371,0,0,66000
250,372,0,0,66000
250,373,0,0,66000
250,374,0,0,66000
250,375,0,0,66000
250,376,0,0,66000
250,377,0,0,66000
250,378,0,0,66000
250,379,0,0,66000
250,380,0,0,66000
1255,320,0,0,66000
1255,321,0,0,66000
1255,322,0,0,66000
1255,323,0,0,66000
1255,324,0,0,66000
1255,325,0,0,66000
1255,326,0,0,66000
1255,327,0,0,66000
1255,328,0,0,66000
1255,329,0,0,66000
1255,330,0,0,66000
1255,331,0,0,66000
1255,332,0,0,66000
1255,333,0,0,66000
1255,334,0,0,66000
1255,335,0,0,66000
1255,336,0,0,66000
1255,337,0,0,66000
1255,338,0,0,66000
1255,339,0,0,66000
1255,340,0,0,66000
1255,341,0,0,66000
1255,342,0,0,66000
1255,343,0,0,66000
1255,344,0,0,66000
1255,345,0,0,66000
1255,346,0,0,66000
1255,347,0,0,66000
1255,348,0,0,66000
1255,349,0,0,66000
1255,350,0,0,66000
1255,351,0,0,66000
1255,352,0,0,66000
1255,353,0,0,66000
1255,354,0,0,66000
1255,355,0,0,66000
1255,356,0,0,66000
1255,357,0,0,66000
1255,358,0,0,66000
1255,359,0,0,66000
1255,360,0,0,66000
1255,361,0,0,66000
1255,362,0,0,66000
1255,363,0,0,66000
1255,364,0,0,66000
1255,365,0,0,66000
1255,366,0,0,66000
1255,367,0,0,66000
1255,368,0,0,66000
1255,369,0,0,66000
1255,370,0,0,66000
1255,371,0,0,66000
1255,372,0,0,66000
1255,373,0,0,66000
1255,374,0,0,66000
1255,375,0,0,66000
1255,376,0,0,66000
1255,377,0,0,66000
1255,378,0,0,66000
1255,379,0,0,66000
1255,380,0,0,66000
1377,320,0,0,66000
1377,321,0,0,66000
1377,322,0,0,66000
1377,323,0,0,66000
1377,324,0,0,66000
1377,325,0,0,66000
1377,326,0,0,66000
1377,327,0,0,66000
1377,328,0,0,66000
1377,329,0,0,66000
1377,330,0,0,66000
1377,331,0,0,66000
1377,332,0,0,66000
1377,333,0,0,66000
1377,334,0,0,66000
1377,335,0,0,66000
1377,336,0,0,66000
1377,337,0,0,66000
1377,338,0,0,66000
1377,339,0,0,66000
1377,340,0,0,66000
1377,341,0,0,66000
1377,342,0,0,66000
1377,343,0,0,66000
1377,344,0,0,66000
1377,345,0,0,66000
1377,346,0,0,66000
1377,347,0,0,66000
1377,348,0,0,66000
1377,349,0,0,66000
1377,350,0,0,66000
1377,351,0,0,66000
1377,352,0,0,66000
1377,353,0,0,66000
1377,354,0,0,66000
1377,355,0,0,66000
1377,356,0,0,66000
1377,357,0,0,66000
1377,358,0,0,66000
1377,359,0,0,66000
1377,360,0,0,66000
1377,361,0,0,66000
1377,362,0,0,66000
1377,363,0,0,66000
1377,364,0,0,66000
1377,365,0,0,66000
1377,366,0,0,66000
1377,367,0,0,66000
1377,368,0,0,66000
1377,369,0,0,66000
1377,370,0,0,66000
1377,371,0,0,66000
1377,372,0,0,66000
1377,373,0,0,66000
1377,374,0,0,66000
1377,375,0,0,66000
1377,376,0,0,66000
1377,377,0,0,66000
1377,378,0,0,66000
1377,379,0,0,66000
1377,380,0,0,66000
2065,320,0,0,66000
2065,321,0,0,66000
2065,322,0,0,66000
2065,323,0,0,66000
2065,324,0,0,66000
2065,325,0,0,66000
2065,326,0,0,66000
2065,327,0,0,66000
2065,328,0,0,66000
2065,329,0,0,66000
2065,330,0,0,66000
2065,331,0,0,66000
2065,332,0,0,66000
2065,333,0,0,66000
2065,334,0,0,66000
2065,335,0,0,66000
2065,336,0,0,66000
2065,337,0,0,66000
2065,338,0,0,66000
2065,339,0,0,66000
2065,340,0,0,66000
2065,341,0,0,66000
2065,342,0,0,66000
2065,343,0,0,66000
2065,344,0,0,66000
2065,345,0,0,66000
2065,346,0,0,66000
2065,347,0,0,66000
2065,348,0,0,66000
2065,349,0,0,66000
2065,350,0,0,66000
2065,351,0,0,66000
2065,352,0,0,66000
2065,353,0,0,66000
2065,354,0,0,66000
2065,355,0,0,66000
2065,356,0,0,66000
2065,357,0,0,66000
2065,358,0,0,66000
2065,359,0,0,66000
2065,360,0,0,66000
2065,361,0,0,66000
2065,362,0,0,66000
2065,363,0,0,66000
2065,364,0,0,66000
2065,365,0,0,66000
2065,366,0,0,66000
2065,367,0,0,66000
2065,368,0,0,66000
2065,369,0,0,66000
2065,370,0,0,66000
2065,371,0,0,66000
2065,372,0,0,66000
2065,373,0,0,66000
2065,374,0,0,66000
2065,375,0,0,66000
2065,376,0,0,66000
2065,377,0,0,66000
2065,378,0,0,66000
2065,379,0,0,66000
2065,380,0,0,66000
393,320,0,0,66000
393,321,0,0,66000
393,322,0,0,66000
393,323,0,0,66000
393,324,0,0,66000
393,325,0,0,66000
393,326,0,0,66000
393,327,0,0,66000
393,328,0,0,66000
393,329,0,0,66000
393,330,0,0,66000
393,331,0,0,66000
393,332,0,0,66000
393,333,0,0,66000
393,334,0,0,66000
393,335,0,0,66000
393,336,0,0,66000
393,337,0,0,66000
393,338,0,0,66000
393,339,0,0,66000
393,340,0,0,66000
393,341,0,0,66000
393,342,0,0,66000
393,343,0,0,66000
393,344,0,0,66000
393,345,0,0,66000
393,346,0,0,66000
393,347,0,0,66000
393,348,0,0,66000
393,349,0,0,66000
393,350,0,0,66000
393,351,0,0,66000
393,352,0,0,66000
393,353,0,0,66000
393,354,0,0,66000
393,355,0,0,66000
393,356,0,0,66000
393,357,0,0,66000
393,358,0,0,66000
393,359,0,0,66000
393,360,0,0,66000
393,361,0,0,66000
393,362,0,0,66000
393,363,0,0,66000
393,364,0,0,66000
393,365,0,0,66000
393,366,0,0,66000
393,367,0,0,66000
393,368,0,0,66000
393,369,0,0,66000
393,370,0,0,66000
393,371,0,0,66000
393,372,0,0,66000
393,373,0,0,66000
393,374,0,0,66000
393,375,0,0,66000
393,376,0,0,66000
393,377,0,0,66000
393,378,0,0,66000
393,379,0,0,66000
393,380,0,0,66000
573,320,0,0,66000
573,321,0,0,66000
573,322,0,0,66000
573,323,0,0,66000
573,324,0,0,66000
573,325,0,0,66000
573,326,0,0,66000
573,327,0,0,66000
573,328,0,0,66000
573,329,0,0,66000
573,330,0,0,66000
573,331,0,0,66000
573,332,0,0,66000
573,333,0,0,66000
573,334,0,0,66000
573,335,0,0,66000
573,336,0,0,66000
573,337,0,0,66000
573,338,0,0,66000
573,339,0,0,66000
573,340,0,0,66000
573,341,0,0,66000
573,342,0,0,66000
573,343,0,0,66000
573,344,0,0,66000
573,345,0,0,66000
573,346,0,0,66000
573,347,0,0,66000
573,348,0,0,66000
573,349,0,0,66000
573,350,0,0,66000
573,351,0,0,66000
573,352,0,0,66000
573,353,0,0,66000
573,354,0,0,66000
573,355,0,0,66000
573,356,0,0,66000
573,357,0,0,66000
573,358,0,0,66000
573,359,0,0,66000
573,360,0,0,66000
573,361,0,0,66000
573,362,0,0,66000
573,363,0,0,66000
573,364,0,0,66000
573,365,0,0,66000
573,366,0,0,66000
573,367,0,0,66000
573,368,0,0,66000
573,369,0,0,66000
573,370,0,0,66000
573,371,0,0,66000
573,372,0,0,66000
573,373,0,0,66000
573,374,0,0,66000
573,375,0,0,66000
573,376,0,0,66000
573,377,0,0,66000
573,378,0,0,66000
573,379,0,0,66000
573,380,0,0,66000
2575,320,0,0,66000
2575,321,0,0,66000
2575,322,0,0,66000
2575,323,0,0,66000
2575,324,0,0,66000
2575,325,0,0,66000
2575,326,0,0,66000
2575,327,0,0,66000
2575,328,0,0,66000
2575,329,0,0,66000
2575,330,0,0,66000
2575,331,0,0,66000
2575,332,0,0,66000
2575,333,0,0,66000
2575,334,0,0,66000
2575,335,0,0,66000
2575,336,0,0,66000
2575,337,0,0,66000
2575,338,0,0,66000
2575,339,0,0,66000
2575,340,0,0,66000
2575,341,0,0,66000
2575,342,0,0,66000
2575,343,0,0,66000
2575,344,0,0,66000
2575,345,0,0,66000
2575,346,0,0,66000
2575,347,0,0,66000
2575,348,0,0,66000
2575,349,0,0,66000
2575,350,0,0,66000
2575,351,0,0,66000
2575,352,0,0,66000
2575,353,0,0,66000
2575,354,0,0,66000
2575,355,0,0,66000
2575,356,0,0,66000
2575,357,0,0,66000
2575,358,0,0,66000
2575,359,0,0,66000
2575,360,0,0,66000
2575,361,0,0,66000
2575,362,0,0,66000
2575,363,0,0,66000
2575,364,0,0,66000
2575,365,0,0,66000
2575,366,0,0,66000
2575,367,0,0,66000
2575,368,0,0,66000
2575,369,0,0,66000
2575,370,0,0,66000
2575,371,0,0,66000
2575,372,0,0,66000
2575,373,0,0,66000
2575,374,0,0,66000
2575,375,0,0,66000
2575,376,0,0,66000
2575,377,0,0,66000
2575,378,0,0,66000
2575,379,0,0,66000
2575,380,0,0,66000
2364,320,0,0,66000
2364,321,12500,1,66000
2364,322,12500,1,66000
2364,323,12500,1,66000
2364,324,12500,1,66000
2364,325,12500,1,66000
2364,326,12500,1,66000
2364,327,12500,1,66000
2364,328,0,0,66000
2364,329,0,0,66000
2364,330,0,0,66000
2364,331,0,0,66000
2364,332,0,0,66000
2364,333,0,0,66000
2364,334,0,0,66000
2364,335,0,0,66000
2364,336,0,0,66000
2364,337,0,0,66000
2364,338,0,0,66000
2364,339,0,0,66000
2364,340,0,0,66000
2364,341,0,0,66000
2364,342,0,0,66000
2364,343,0,0,66000
2364,344,0,0,66000
2364,345,0,0,66000
2364,346,0,0,66000
2364,347,0,0,66000
2364,348,0,0,66000
2364,349,0,0,66000
2364,350,0,0,66000
2364,351,0,0,66000
2364,352,0,0,66000
2364,353,0,0,66000
2364,354,0,0,66000
2364,355,0,0,66000
2364,356,0,0,66000
2364,357,0,0,66000
2364,358,0,0,66000
2364,359,0,0,66000
2364,360,0,0,66000
2364,361,0,0,66000
2364,362,0,0,66000
2364,363,0,0,66000
2364,364,0,0,66000
2364,365,0,0,66000
2364,366,0,0,66000
2364,367,0,0,66000
2364,368,0,0,66000
2364,369,0,0,66000
2364,370,0,0,66000
2364,371,0,0,66000
2364,372,0,0,66000
2364,373,0,0,66000
2364,374,0,0,66000
2364,375,0,0,66000
2364,376,0,0,66000
2364,377,0,0,66000
2364,378,0,0,66000
2364,379,0,0,66000
2364,380,0,0,66000
864,320,12500,1,66000
864,321,12500,1,66000
864,322,12500,1,66000
864,323,12500,1,66000
864,324,12500,1,66000
864,325,12500,1,66000
864,326,0,0,66000
864,327,0,0,66000
864,328,0,0,66000
864,329,0,0,66000
864,330,0,0,66000
864,331,0,0,66000
864,332,0,0,66000
864,333,0,0,66000
864,334,0,0,66000
864,335,0,0,66000
864,336,0,0,66000
864,337,0,0,66000
864,338,0,0,66000
864,339,0,0,66000
864,340,0,0,66000
864,341,0,0,66000
864,342,0,0,66000
864,343,0,0,66000
864,344,0,0,66000
864,345,0,0,66000
864,346,0,0,66000
864,347,0,0,66000
864,348,0,0,66000
864,349,0,0,66000
864,350,0,0,66000
864,351,0,0,66000
864,352,0,0,66000
864,353,0,0,66000
864,354,0,0,66000
864,355,0,0,66000
864,356,0,0,66000
864,357,0,0,66000
864,358,0,0,66000
864,359,0,0,66000
864,360,0,0,66000
864,361,0,0,66000
864,362,0,0,66000
864,363,0,0,66000
864,364,0,0,66000
864,365,0,0,66000
864,366,0,0,66000
864,367,0,0,66000
864,368,0,0,66000
864,369,0,0,66000
864,370,0,0,66000
864,371,0,0,66000
864,372,0,0,66000
864,373,0,0,66000
864,374,0,0,66000
864,375,0,0,66000
864,376,0,0,66000
864,377,0,0,66000
864,378,0,0,66000
864,379,0,0,66000
864,380,0,0,66000
1633,320,0,0,66000
1633,321,0,0,66000
1633,322,0,0,66000
1633,323,0,0,66000
1633,324,0,0,66000
1633,325,0,0,66000
1633,326,0,0,66000
1633,327,0,0,66000
1633,328,0,0,66000
1633,329,0,0,66000
1633,330,0,0,66000
1633,331,0,0,66000
1633,332,0,0,66000
1633,333,0,0,66000
1633,334,0,0,66000
1633,335,0,0,66000
1633,336,0,0,66000
1633,337,0,0,66000
1633,338,0,0,66000
1633,339,0,0,66000
1633,340,0,0,66000
1633,341,0,0,66000
1633,342,0,0,66000
1633,343,0,0,66000
1633,344,0,0,66000
1633,345,0,0,66000
1633,346,0,0,66000
1633,347,0,0,66000
1633,348,0,0,66000
1633,349,0,0,66000
1633,350,0,0,66000
1633,351,0,0,66000
1633,352,0,0,66000
1633,353,0,0,66000
1633,354,0,0,66000
1633,355,0,0,66000
1633,356,0,0,66000
1633,357,0,0,66000
1633,358,0,0,66000
1633,359,0,0,66000
1633,360,0,0,66000
1633,361,0,0,66000
1633,362,0,0,66000
1633,363,0,0,66000
1633,364,0,0,66000
1633,365,0,0,66000
1633,366,0,0,66000
1633,367,0,0,66000
1633,368,0,0,66000
1633,369,0,0,66000
1633,370,0,0,66000
1633,371,0,0,66000
1633,372,0,0,66000
1633,373,0,0,66000
1633,374,0,0,66000
1633,375,0,0,66000
1633,376,0,0,66000
1633,377,0,0,66000
1633,378,0,0,66000
1633,379,0,0,66000
1633,380,0,0,66000
1320,320,0,0,66000
1320,321,0,0,66000
1320,322,0,0,66000
1320,323,0,0,66000
1320,324,0,0,66000
1320,325,0,0,66000
1320,326,0,0,66000
1320,327,0,0,66000
1320,328,0,0,66000
1320,329,0,0,66000
1320,330,0,0,66000
1320,331,0,0,66000
1320,332,0,0,66000
1320,333,0,0,66000
1320,334,0,0,66000
1320,335,0,0,66000
1320,336,0,0,66000
1320,337,0,0,66000
1320,338,0,0,66000
1320,339,0,0,66000
1320,340,0,0,66000
1320,341,0,0,66000
1320,342,0,0,66000
1320,343,0,0,66000
1320,344,0,0,66000
1320,345,0,0,66000
1320,346,0,0,66000
1320,347,0,0,66000
1320,348,0,0,66000
1320,349,0,0,66000
1320,350,0,0,66000
1320,351,0,0,66000
1320,352,0,0,66000
1320,353,0,0,66000
1320,354,0,0,66000
1320,355,0,0,66000
1320,356,0,0,66000
1320,357,0,0,66000
1320,358,0,0,66000
1320,359,0,0,66000
1320,360,0,0,66000
1320,361,0,0,66000
1320,362,0,0,66000
1320,363,0,0,66000
1320,364,0,0,66000
1320,365,0,0,66000
1320,366,0,0,66000
1320,367,0,0,66000
1320,368,0,0,66000
1320,369,0,0,66000
1320,370,0,0,66000
1320,371,0,0,66000
1320,372,0,0,66000
1320,373,0,0,66000
1320,374,0,0,66000
1320,375,0,0,66000
1320,376,0,0,66000
1320,377,0,0,66000
1320,378,0,0,66000
1320,379,0,0,66000
1320,380,0,0,66000
1419,320,0,0,66000
1419,321,0,0,66000
1419,322,0,0,66000
1419,323,0,0,66000
1419,324,0,0,66000
1419,325,0,0,66000
1419,326,0,0,66000
1419,327,0,0,66000
1419,328,0,0,66000
1419,329,0,0,66000
1419,330,0,0,66000
1419,331,0,0,66000
1419,332,0,0,66000
1419,333,0,0,66000
1419,334,0,0,66000
1419,335,0,0,66000
1419,336,0,0,66000
1419,337,0,0,66000
1419,338,0,0,66000
1419,339,0,0,66000
1419,340,0,0,66000
1419,341,0,0,66000
1419,342,0,0,66000
1419,343,0,0,66000
1419,344,0,0,66000
1419,345,0,0,66000
1419,346,0,0,66000
1419,347,0,0,66000
1419,348,0,0,66000
1419,349,0,0,66000
1419,350,0,0,66000
1419,351,0,0,66000
1419,352,0,0,66000
1419,353,0,0,66000
1419,354,0,0,66000
1419,355,0,0,66000
1419,356,0,0,66000
1419,357,0,0,66000
1419,358,0,0,66000
1419,359,0,0,66000
1419,360,0,0,66000
1419,361,0,0,66000
1419,362,0,0,66000
1419,363,0,0,66000
1419,364,0,0,66000
1419,365,0,0,66000
1419,366,0,0,66000
1419,367,0,0,66000
1419,368,0,0,66000
1419,369,0,0,66000
1419,370,0,0,66000
1419,371,0,0,66000
1419,372,0,0,66000
1419,373,0,0,66000
1419,374,0,0,66000
1419,375,0,0,66000
1419,376,0,0,66000
1419,377,0,0,66000
1419,378,0,0,66000
1419,379,0,0,66000
1419,380,0,0,66000
26,320,0,0,66000
26,321,0,0,66000
26,322,0,0,66000
26,323,0,0,66000
26,324,0,0,66000
26,325,0,0,66000
26,326,0,0,66000
26,327,0,0,66000
26,328,0,0,66000
26,329,0,0,66000
26,330,0,0,66000
26,331,0,0,66000
26,332,0,0,66000
26,333,0,0,66000
26,334,0,0,66000
26,335,0,0,66000
26,336,0,0,66000
26,337,0,0,66000
26,338,0,0,66000
26,339,0,0,66000
26,340,0,0,66000
26,341,0,0,66000
26,342,0,0,66000
26,343,0,0,66000
26,344,0,0,66000
26,345,0,0,66000
26,346,0,0,66000
26,347,0,0,66000
26,348,0,0,66000
26,349,0,0,66000
26,350,0,0,66000
26,351,0,0,66000
26,352,0,0,66000
26,353,0,0,66000
26,354,0,0,66000
26,355,0,0,66000
26,356,0,0,66000
26,357,0,0,66000
26,358,0,0,66000
26,359,0,0,66000
26,360,0,0,66000
26,361,0,0,66000
26,362,0,0,66000
26,363,0,0,66000
26,364,0,0,66000
26,365,0,0,66000
26,366,0,0,66000
26,367,0,0,66000
26,368,0,0,66000
26,369,0,0,66000
26,370,0,0,66000
26,371,0,0,66000
26,372,0,0,66000
26,373,0,0,66000
26,374,0,0,66000
26,375,0,0,66000
26,376,0,0,66000
26,377,0,0,66000
26,378,0,0,66000
26,379,0,0,66000
26,380,0,0,66000
369,320,0,0,66000
369,321,0,0,66000
369,322,12500,1,66000
369,323,12500,1,66000
369,324,12500,1,66000
369,325,12500,1,66000
369,326,0,0,66000
369,327,0,0,66000
369,328,0,0,66000
369,329,0,0,66000
369,330,0,0,66000
369,331,0,0,66000
369,332,0,0,66000
369,333,0,0,66000
369,334,0,0,66000
369,335,0,0,66000
369,336,0,0,66000
369,337,0,0,66000
369,338,0,0,66000
369,339,0,0,66000
369,340,0,0,66000
369,341,0,0,66000
369,342,0,0,66000
369,343,0,0,66000
369,344,0,0,66000
369,345,0,0,66000
369,346,0,0,66000
369,347,0,0,66000
369,348,0,0,66000
369,349,0,0,66000
369,350,0,0,66000
369,351,0,0,66000
369,352,0,0,66000
369,353,0,0,66000
369,354,0,0,66000
369,355,0,0,66000
369,356,0,0,66000
369,357,0,0,66000
369,358,0,0,66000
369,359,0,0,66000
369,360,0,0,66000
369,361,0,0,66000
369,362,0,0,66000
369,363,0,0,66000
369,364,0,0,66000
369,365,0,0,66000
369,366,0,0,66000
369,367,0,0,66000
369,368,0,0,66000
369,369,0,0,66000
369,370,0,0,66000
369,371,0,0,66000
369,372,0,0,66000
369,373,0,0,66000
369,374,0,0,66000
369,375,0,0,66000
369,376,0,0,66000
369,377,0,0,66000
369,378,0,0,66000
369,379,0,0,66000
369,380,0,0,66000
100,320,0,0,66000
100,321,0,0,66000
100,322,0,0,66000
100,323,0,0,66000
100,324,0,0,66000
100,325,0,0,66000
100,326,0,0,66000
100,327,0,0,66000
100,328,0,0,66000
100,329,0,0,66000
100,330,0,0,66000
100,331,0,0,66000
100,332,0,0,66000
100,333,0,0,66000
100,334,0,0,66000
100,335,0,0,66000
100,336,0,0,66000
100,337,0,0,66000
100,338,0,0,66000
100,339,0,0,66000
100,340,0,0,66000
100,341,0,0,66000
100,342,0,0,66000
100,343,0,0,66000
100,344,0,0,66000
100,345,0,0,66000
100,346,0,0,66000
100,347,0,0,66000
100,348,0,0,66000
100,349,0,0,66000
100,350,0,0,66000
100,351,0,0,66000
100,352,0,0,66000
100,353,0,0,66000
100,354,0,0,66000
100,355,0,0,66000
100,356,0,0,66000
100,357,0,0,66000
100,358,0,0,66000
100,359,0,0,66000
100,360,0,0,66000
100,361,0,0,66000
100,362,0,0,66000
100,363,0,0,66000
100,364,0,0,66000
100,365,0,0,66000
100,366,0,0,66000
100,367,0,0,66000
100,368,0,0,66000
100,369,0,0,66000
100,370,0,0,66000
100,371,0,0,66000
100,372,0,0,66000
100,373,0,0,66000
100,374,0,0,66000
100,375,0,0,66000
100,376,0,0,66000
100,377,0,0,66000
100,378,0,0,66000
100,379,0,0,66000
100,380,0,0,66000
1345,320,0,0,66000
1345,321,0,0,66000
1345,322,0,0,66000
1345,323,0,0,66000
1345,324,0,0,66000
1345,325,0,0,66000
1345,326,0,0,66000
1345,327,0,0,66000
1345,328,0,0,66000
1345,329,0,0,66000
1345,330,0,0,66000
1345,331,0,0,66000
1345,332,0,0,66000
1345,333,0,0,66000
1345,334,0,0,66000
1345,335,0,0,66000
1345,336,0,0,66000
1345,337,0,0,66000
1345,338,0,0,66000
1345,339,0,0,66000
1345,340,0,0,66000
1345,341,0,0,66000
1345,342,0,0,66000
1345,343,0,0,66000
1345,344,0,0,66000
1345,345,0,0,66000
1345,346,0,0,66000
1345,347,0,0,66000
1345,348,0,0,66000
1345,349,0,0,66000
1345,350,0,0,66000
1345,351,0,0,66000
1345,352,0,0,66000
1345,353,0,0,66000
1345,354,0,0,66000
1345,355,0,0,66000
1345,356,0,0,66000
1345,357,0,0,66000
1345,358,0,0,66000
1345,359,0,0,66000
1345,360,0,0,66000
1345,361,0,0,66000
1345,362,0,0,66000
1345,363,0,0,66000
1345,364,0,0,66000
1345,365,0,0,66000
1345,366,0,0,66000
1345,367,0,0,66000
1345,368,0,0,66000
1345,369,0,0,66000
1345,370,0,0,66000
1345,371,0,0,66000
1345,372,0,0,66000
1345,373,0,0,66000
1345,374,0,0,66000
1345,375,0,0,66000
1345,376,0,0,66000
1345,377,0,0,66000
1345,378,0,0,66000
1345,379,0,0,66000
1345,380,0,0,66000
1044,320,0,0,66000
1044,321,0,0,66000
1044,322,0,0,66000
1044,323,0,0,66000
1044,324,0,0,66000
1044,325,0,0,66000
1044,326,0,0,66000
1044,327,0,0,66000
1044,328,0,0,66000
1044,329,0,0,66000
1044,330,0,0,66000
1044,331,0,0,66000
1044,332,0,0,66000
1044,333,0,0,66000
1044,334,0,0,66000
1044,335,0,0,66000
1044,336,0,0,66000
1044,337,0,0,66000
1044,338,0,0,66000
1044,339,0,0,66000
1044,340,0,0,66000
1044,341,0,0,66000
1044,342,0,0,66000
1044,343,0,0,66000
1044,344,0,0,66000
1044,345,0,0,66000
1044,346,0,0,66000
1044,347,0,0,66000
1044,348,0,0,66000
1044,349,0,0,66000
1044,350,0,0,66000
1044,351,0,0,66000
1044,352,0,0,66000
1044,353,0,0,66000
1044,354,0,0,66000
1044,355,0,0,66000
1044,356,0,0,66000
1044,357,0,0,66000
1044,358,0,0,66000
1044,359,0,0,66000
1044,360,0,0,66000
1044,361,0,0,66000
1044,362,0,0,66000
1044,363,0,0,66000
1044,364,0,0,66000
1044,365,0,0,66000
1044,366,0,0,66000
1044,367,0,0,66000
1044,368,0,0,66000
1044,369,0,0,66000
1044,370,0,0,66000
1044,371,0,0,66000
1044,372,0,0,66000
1044,373,0,0,66000
1044,374,0,0,66000
1044,375,0,0,66000
1044,376,0,0,66000
1044,377,0,0,66000
1044,378,0,0,66000
1044,379,0,0,66000
1044,380,0,0,66000
534,320,0,0,66000
534,321,0,0,66000
534,322,0,0,66000
534,323,0,0,66000
534,324,0,0,66000
534,325,0,0,66000
534,326,0,0,66000
534,327,0,0,66000
534,328,0,0,66000
534,329,0,0,66000
534,330,0,0,66000
534,331,0,0,66000
534,332,0,0,66000
534,333,0,0,66000
534,334,0,0,66000
534,335,0,0,66000
534,336,0,0,66000
534,337,0,0,66000
534,338,0,0,66000
534,339,0,0,66000
534,340,0,0,66000
534,341,0,0,66000
534,342,0,0,66000
534,343,0,0,66000
534,344,0,0,66000
534,345,0,0,66000
534,346,0,0,66000
534,347,0,0,66000
534,348,0,0,66000
534,349,0,0,66000
534,350,0,0,66000
534,351,0,0,66000
534,352,0,0,66000
534,353,0,0,66000
534,354,0,0,66000
534,355,0,0,66000
534,356,0,0,66000
534,357,0,0,66000
534,358,0,0,66000
534,359,0,0,66000
534,360,0,0,66000
534,361,0,0,66000
534,362,0,0,66000
534,363,0,0,66000
534,364,0,0,66000
534,365,0,0,66000
534,366,0,0,66000
534,367,0,0,66000
534,368,0,0,66000
534,369,0,0,66000
534,370,0,0,66000
534,371,0,0,66000
534,372,0,0,66000
534,373,0,0,66000
534,374,0,0,66000
534,375,0,0,66000
534,376,0,0,66000
534,377,0,0,66000
534,378,0,0,66000
534,379,0,0,66000
534,380,0,0,66000
1384,320,0,0,66000
1384,321,0,0,66000
1384,322,0,0,66000
1384,323,0,0,66000
1384,324,0,0,66000
1384,325,0,0,66000
1384,326,0,0,66000
1384,327,0,0,66000
1384,328,0,0,66000
1384,329,0,0,66000
1384,330,0,0,66000
1384,331,0,0,66000
1384,332,0,0,66000
1384,333,0,0,66000
1384,334,0,0,66000
1384,335,0,0,66000
1384,336,0,0,66000
1384,337,0,0,66000
1384,338,0,0,66000
1384,339,0,0,66000
1384,340,0,0,66000
1384,341,0,0,66000
1384,342,0,0,66000
1384,343,0,0,66000
1384,344,0,0,66000
1384,345,0,0,66000
1384,346,0,0,66000
1384,347,0,0,66000
1384,348,0,0,66000
1384,349,0,0,66000
1384,350,0,0,66000
1384,351,0,0,66000
1384,352,0,0,66000
1384,353,0,0,66000
1384,354,0,0,66000
1384,355,0,0,66000
1384,356,0,0,66000
1384,357,0,0,66000
1384,358,0,0,66000
1384,359,0,0,66000
1384,360,0,0,66000
1384,361,0,0,66000
1384,362,0,0,66000
1384,363,0,0,66000
1384,364,0,0,66000
1384,365,0,0,66000
1384,366,0,0,66000
1384,367,0,0,66000
1384,368,0,0,66000
1384,369,0,0,66000
1384,370,0,0,66000
1384,371,0,0,66000
1384,372,0,0,66000
1384,373,0,0,66000
1384,374,0,0,66000
1384,375,0,0,66000
1384,376,0,0,66000
1384,377,0,0,66000
1384,378,0,0,66000
1384,379,0,0,66000
1384,380,0,0,66000
253,320,0,0,66000
253,321,0,0,66000
253,322,0,0,66000
253,323,0,0,66000
253,324,0,0,66000
253,325,0,0,66000
253,326,0,0,66000
253,327,0,0,66000
253,328,0,0,66000
253,329,0,0,66000
253,330,0,0,66000
253,331,0,0,66000
253,332,0,0,66000
253,333,0,0,66000
253,334,0,0,66000
253,335,0,0,66000
253,336,0,0,66000
253,337,0,0,66000
253,338,0,0,66000
253,339,0,0,66000
253,340,0,0,66000
253,341,0,0,66000
253,342,0,0,66000
253,343,0,0,66000
253,344,0,0,66000
253,345,0,0,66000
253,346,0,0,66000
253,347,0,0,66000
253,348,0,0,66000
253,349,0,0,66000
253,350,0,0,66000
253,351,0,0,66000
253,352,0,0,66000
253,353,0,0,66000
253,354,0,0,66000
253,355,0,0,66000
253,356,0,0,66000
253,357,0,0,66000
253,358,0,0,66000
253,359,0,0,66000
253,360,0,0,66000
253,361,0,0,66000
253,362,0,0,66000
253,363,0,0,66000
253,364,0,0,66000
253,365,0,0,66000
253,366,0,0,66000
253,367,0,0,66000
253,368,0,0,66000
253,369,0,0,66000
253,370,0,0,66000
253,371,0,0,66000
253,372,0,0,66000
253,373,0,0,66000
253,374,0,0,66000
253,375,0,0,66000
253,376,0,0,66000
253,377,0,0,66000
253,378,0,0,66000
253,379,0,0,66000
253,380,0,0,66000
1327,320,0,0,66000
1327,321,0,0,66000
1327,322,0,0,66000
1327,323,0,0,66000
1327,324,0,0,66000
1327,325,0,0,66000
1327,326,0,0,66000
1327,327,0,0,66000
1327,328,0,0,66000
1327,329,0,0,66000
1327,330,0,0,66000
1327,331,0,0,66000
1327,332,0,0,66000
1327,333,0,0,66000
1327,334,0,0,66000
1327,335,0,0,66000
1327,336,0,0,66000
1327,337,0,0,66000
1327,338,0,0,66000
1327,339,0,0,66000
1327,340,0,0,66000
1327,341,0,0,66000
1327,342,0,0,66000
1327,343,0,0,66000
1327,344,0,0,66000
1327,345,0,0,66000
1327,346,0,0,66000
1327,347,0,0,66000
1327,348,0,0,66000
1327,349,0,0,66000
1327,350,0,0,66000
1327,351,0,0,66000
1327,352,0,0,66000
1327,353,0,0,66000
1327,354,0,0,66000
1327,355,0,0,66000
1327,356,0,0,66000
1327,357,0,0,66000
1327,358,0,0,66000
1327,359,0,0,66000
1327,360,0,0,66000
1327,361,0,0,66000
1327,362,0,0,66000
1327,363,0,0,66000
1327,364,0,0,66000
1327,365,0,0,66000
1327,366,0,0,66000
1327,367,0,0,66000
1327,368,0,0,66000
1327,369,0,0,66000
1327,370,0,0,66000
1327,371,0,0,66000
1327,372,0,0,66000
1327,373,0,0,66000
1327,374,0,0,66000
1327,375,0,0,66000
1327,376,0,0,66000
1327,377,0,0,66000
1327,378,0,0,66000
1327,379,0,0,66000
1327,380,0,0,66000
2066,320,0,0,66000
2066,321,0,0,66000
2066,322,0,0,66000
2066,323,0,0,66000
2066,324,0,0,66000
2066,325,0,0,66000
2066,326,0,0,66000
2066,327,0,0,66000
2066,328,0,0,66000
2066,329,0,0,66000
2066,330,0,0,66000
2066,331,0,0,66000
2066,332,0,0,66000
2066,333,0,0,66000
2066,334,0,0,66000
2066,335,0,0,66000
2066,336,0,0,66000
2066,337,0,0,66000
2066,338,0,0,66000
2066,339,0,0,66000
2066,340,0,0,66000
2066,341,0,0,66000
2066,342,0,0,66000
2066,343,0,0,66000
2066,344,0,0,66000
2066,345,0,0,66000
2066,346,0,0,66000
2066,347,0,0,66000
2066,348,0,0,66000
2066,349,0,0,66000
2066,350,0,0,66000
2066,351,0,0,66000
2066,352,0,0,66000
2066,353,0,0,66000
2066,354,0,0,66000
2066,355,0,0,66000
2066,356,0,0,66000
2066,357,0,0,66000
2066,358,0,0,66000
2066,359,0,0,66000
2066,360,0,0,66000
2066,361,0,0,66000
2066,362,0,0,66000
2066,363,0,0,66000
2066,364,0,0,66000
2066,365,0,0,66000
2066,366,0,0,66000
2066,367,0,0,66000
2066,368,0,0,66000
2066,369,0,0,66000
2066,370,0,0,66000
2066,371,0,0,66000
2066,372,0,0,66000
2066,373,0,0,66000
2066,374,0,0,66000
2066,375,0,0,66000
2066,376,0,0,66000
2066,377,0,0,66000
2066,378,0,0,66000
2066,379,0,0,66000
2066,380,0,0,66000
971,320,0,0,66000
971,321,0,0,66000
971,322,0,0,66000
971,323,0,0,66000
971,324,0,0,66000
971,325,0,0,66000
971,326,0,0,66000
971,327,0,0,66000
971,328,0,0,66000
971,329,0,0,66000
971,330,0,0,66000
971,331,0,0,66000
971,332,0,0,66000
971,333,0,0,66000
971,334,0,0,66000
971,335,0,0,66000
971,336,0,0,66000
971,337,0,0,66000
971,338,0,0,66000
971,339,0,0,66000
971,340,0,0,66000
971,341,0,0,66000
971,342,0,0,66000
971,343,0,0,66000
971,344,0,0,66000
971,345,0,0,66000
971,346,0,0,66000
971,347,0,0,66000
971,348,0,0,66000
971,349,0,0,66000
971,350,0,0,66000
971,351,0,0,66000
971,352,0,0,66000
971,353,0,0,66000
971,354,0,0,66000
971,355,0,0,66000
971,356,0,0,66000
971,357,0,0,66000
971,358,0,0,66000
971,359,0,0,66000
971,360,0,0,66000
971,361,0,0,66000
971,362,0,0,66000
971,363,0,0,66000
971,364,0,0,66000
971,365,0,0,66000
971,366,0,0,66000
971,367,0,0,66000
971,368,0,0,66000
971,369,0,0,66000
971,370,0,0,66000
971,371,0,0,66000
971,372,0,0,66000
971,373,0,0,66000
971,374,0,0,66000
971,375,0,0,66000
971,376,0,0,66000
971,377,0,0,66000
971,378,0,0,66000
971,379,0,0,66000
971,380,0,0,66000
950,320,0,0,66000
950,321,0,0,66000
950,322,0,0,66000
950,323,0,0,66000
950,324,0,0,66000
950,325,0,0,66000
950,326,0,0,66000
950,327,0,0,66000
950,328,0,0,66000
950,329,0,0,66000
950,330,0,0,66000
950,331,0,0,66000
950,332,0,0,66000
950,333,0,0,66000
950,334,0,0,66000
950,335,0,0,66000
950,336,0,0,66000
950,337,0,0,66000
950,338,0,0,66000
950,339,0,0,66000
950,340,0,0,66000
950,341,0,0,66000
950,342,0,0,66000
950,343,0,0,66000
950,344,0,0,66000
950,345,0,0,66000
950,346,0,0,66000
950,347,0,0,66000
950,348,0,0,66000
950,349,0,0,66000
950,350,0,0,66000
950,351,0,0,66000
950,352,0,0,66000
950,353,0,0,66000
950,354,0,0,66000
950,355,0,0,66000
950,356,0,0,66000
950,357,0,0,66000
950,358,0,0,66000
950,359,0,0,66000
950,360,0,0,66000
950,361,0,0,66000
950,362,0,0,66000
950,363,0,0,66000
950,364,0,0,66000
950,365,0,0,66000
950,366,0,0,66000
950,367,0,0,66000
950,368,0,0,66000
950,369,0,0,66000
950,370,0,0,66000
950,371,0,0,66000
950,372,0,0,66000
950,373,0,0,66000
950,374,0,0,66000
950,375,0,0,66000
950,376,0,0,66000
950,377,0,0,66000
950,378,0,0,66000
950,379,0,0,66000
950,380,0,0,66000
536,320,0,0,66000
536,321,0,0,66000
536,322,0,0,66000
536,323,0,0,66000
536,324,0,0,66000
536,325,0,0,66000
536,326,0,0,66000
536,327,0,0,66000
536,328,0,0,66000
536,329,0,0,66000
536,330,0,0,66000
536,331,0,0,66000
536,332,0,0,66000
536,333,0,0,66000
536,334,0,0,66000
536,335,0,0,66000
536,336,0,0,66000
536,337,0,0,66000
536,338,0,0,66000
536,339,0,0,66000
536,340,0,0,66000
536,341,0,0,66000
536,342,0,0,66000
536,343,0,0,66000
536,344,0,0,66000
536,345,0,0,66000
536,346,0,0,66000
536,347,0,0,66000
536,348,0,0,66000
536,349,0,0,66000
536,350,0,0,66000
536,351,0,0,66000
536,352,0,0,66000
536,353,0,0,66000
536,354,0,0,66000
536,355,0,0,66000
536,356,0,0,66000
536,357,0,0,66000
536,358,0,0,66000
536,359,0,0,66000
536,360,0,0,66000
536,361,0,0,66000
536,362,0,0,66000
536,363,0,0,66000
536,364,0,0,66000
536,365,0,0,66000
536,366,0,0,66000
536,367,0,0,66000
536,368,0,0,66000
536,369,0,0,66000
536,370,0,0,66000
536,371,0,0,66000
536,372,0,0,66000
536,373,0,0,66000
536,374,0,0,66000
536,375,0,0,66000
536,376,0,0,66000
536,377,0,0,66000
536,378,0,0,66000
536,379,0,0,66000
536,380,0,0,66000
61,320,12500,1,66000
61,321,12500,1,66000
61,322,12500,1,66000
61,323,12500,1,66000
61,324,12500,1,66000
61,325,12500,1,66000
61,326,12500,1,66000
61,327,12500,1,66000
61,328,0,0,66000
61,329,0,0,66000
61,330,0,0,66000
61,331,0,0,66000
61,332,0,0,66000
61,333,0,0,66000
61,334,0,0,66000
61,335,0,0,66000
61,336,0,0,66000
61,337,0,0,66000
61,338,0,0,66000
61,339,0,0,66000
61,340,0,0,66000
61,341,0,0,66000
61,342,0,0,66000
61,343,0,0,66000
61,344,0,0,66000
61,345,0,0,66000
61,346,0,0,66000
61,347,0,0,66000
61,348,0,0,66000
61,349,0,0,66000
61,350,0,0,66000
61,351,0,0,66000
61,352,0,0,66000
61,353,0,0,66000
61,354,0,0,66000
61,355,0,0,66000
61,356,0,0,66000
61,357,0,0,66000
61,358,0,0,66000
61,359,0,0,66000
61,360,0,0,66000
61,361,0,0,66000
61,362,0,0,66000
61,363,0,0,66000
61,364,0,0,66000
61,365,0,0,66000
61,366,0,0,66000
61,367,0,0,66000
61,368,0,0,66000
61,369,0,0,66000
61,370,0,0,66000
61,371,0,0,66000
61,372,0,0,66000
61,373,0,0,66000
61,374,0,0,66000
61,375,0,0,66000
61,376,0,0,66000
61,377,0,0,66000
61,378,0,0,66000
61,379,0,0,66000
61,380,0,0,66000
164,320,0,0,66000
164,321,0,0,66000
164,322,0,0,66000
164,323,0,0,66000
164,324,0,0,66000
164,325,0,0,66000
164,326,0,0,66000
164,327,0,0,66000
164,328,0,0,66000
164,329,0,0,66000
164,330,0,0,66000
164,331,0,0,66000
164,332,0,0,66000
164,333,0,0,66000
164,334,0,0,66000
164,335,0,0,66000
164,336,0,0,66000
164,337,0,0,66000
164,338,0,0,66000
164,339,0,0,66000
164,340,0,0,66000
164,341,0,0,66000
164,342,0,0,66000
164,343,0,0,66000
164,344,0,0,66000
164,345,0,0,66000
164,346,0,0,66000
164,347,0,0,66000
164,348,0,0,66000
164,349,0,0,66000
164,350,0,0,66000
164,351,0,0,66000
164,352,0,0,66000
164,353,0,0,66000
164,354,0,0,66000
164,355,0,0,66000
164,356,0,0,66000
164,357,0,0,66000
164,358,0,0,66000
164,359,0,0,66000
164,360,0,0,66000
164,361,0,0,66000
164,362,0,0,66000
164,363,0,0,66000
164,364,0,0,66000
164,365,0,0,66000
164,366,0,0,66000
164,367,0,0,66000
164,368,0,0,66000
164,369,0,0,66000
164,370,0,0,66000
164,371,0,0,66000
164,372,0,0,66000
164,373,0,0,66000
164,374,0,0,66000
164,375,0,0,66000
164,376,0,0,66000
164,377,0,0,66000
164,378,0,0,66000
164,379,0,0,66000
164,380,0,0,66000
2378,320,0,0,66000
2378,321,0,0,66000
2378,322,0,0,66000
2378,323,0,0,66000
2378,324,0,0,66000
2378,325,0,0,66000
2378,326,0,0,66000
2378,327,0,0,66000
2378,328,0,0,66000
2378,329,0,0,66000
2378,330,0,0,66000
2378,331,0,0,66000
2378,332,0,0,66000
2378,333,0,0,66000
2378,334,0,0,66000
2378,335,0,0,66000
2378,336,0,0,66000
2378,337,0,0,66000
2378,338,0,0,66000
2378,339,0,0,66000
2378,340,0,0,66000
2378,341,0,0,66000
2378,342,0,0,66000
2378,343,0,0,66000
2378,344,0,0,66000
2378,345,0,0,66000
2378,346,0,0,66000
2378,347,0,0,66000
2378,348,0,0,66000
2378,349,0,0,66000
2378,350,0,0,66000
2378,351,0,0,66000
2378,352,0,0,66000
2378,353,0,0,66000
2378,354,0,0,66000
2378,355,0,0,66000
2378,356,0,0,66000
2378,357,0,0,66000
2378,358,0,0,66000
2378,359,0,0,66000
2378,360,0,0,66000
2378,361,0,0,66000
2378,362,0,0,66000
2378,363,0,0,66000
2378,364,0,0,66000
2378,365,0,0,66000
2378,366,0,0,66000
2378,367,0,0,66000
2378,368,0,0,66000
2378,369,0,0,66000
2378,370,0,0,66000
2378,371,0,0,66000
2378,372,0,0,66000
2378,373,0,0,66000
2378,374,0,0,66000
2378,375,0,0,66000
2378,376,0,0,66000
2378,377,0,0,66000
2378,378,0,0,66000
2378,379,0,0,66000
2378,380,0,0,66000
683,320,0,0,66000
683,321,0,0,66000
683,322,0,0,66000
683,323,0,0,66000
683,324,0,0,66000
683,325,0,0,66000
683,326,0,0,66000
683,327,0,0,66000
683,328,0,0,66000
683,329,0,0,66000
683,330,0,0,66000
683,331,0,0,66000
683,332,0,0,66000
683,333,0,0,66000
683,334,0,0,66000
683,335,0,0,66000
683,336,0,0,66000
683,337,0,0,66000
683,338,0,0,66000
683,339,0,0,66000
683,340,0,0,66000
683,341,0,0,66000
683,342,0,0,66000
683,343,0,0,66000
683,344,0,0,66000
683,345,0,0,66000
683,346,0,0,66000
683,347,0,0,66000
683,348,0,0,66000
683,349,0,0,66000
683,350,0,0,66000
683,351,0,0,66000
683,352,0,0,66000
683,353,0,0,66000
683,354,0,0,66000
683,355,0,0,66000
683,356,0,0,66000
683,357,0,0,66000
683,358,0,0,66000
683,359,0,0,66000
683,360,0,0,66000
683,361,0,0,66000
683,362,0,0,66000
683,363,0,0,66000
683,364,0,0,66000
683,365,0,0,66000
683,366,0,0,66000
683,367,0,0,66000
683,368,0,0,66000
683,369,0,0,66000
683,370,0,0,66000
683,371,0,0,66000
683,372,0,0,66000
683,373,0,0,66000
683,374,0,0,66000
683,375,0,0,66000
683,376,0,0,66000
683,377,0,0,66000
683,378,0,0,66000
683,379,0,0,66000
683,380,0,0,66000
262,320,0,0,66000
262,321,0,0,66000
262,322,0,0,66000
262,323,0,0,66000
262,324,0,0,66000
262,325,0,0,66000
262,326,0,0,66000
262,327,0,0,66000
262,328,0,0,66000
262,329,0,0,66000
262,330,0,0,66000
262,331,0,0,66000
262,332,0,0,66000
262,333,0,0,66000
262,334,0,0,66000
262,335,0,0,66000
262,336,0,0,66000
262,337,0,0,66000
262,338,0,0,66000
262,339,0,0,66000
262,340,0,0,66000
262,341,0,0,66000
262,342,0,0,66000
262,343,0,0,66000
262,344,0,0,66000
262,345,0,0,66000
262,346,0,0,66000
262,347,0,0,66000
262,348,0,0,66000
262,349,0,0,66000
262,350,0,0,66000
262,351,0,0,66000
262,352,0,0,66000
262,353,0,0,66000
262,354,0,0,66000
262,355,0,0,66000
262,356,0,0,66000
262,357,0,0,66000
262,358,0,0,66000
262,359,0,0,66000
262,360,0,0,66000
262,361,0,0,66000
262,362,0,0,66000
262,363,0,0,66000
262,364,0,0,66000
262,365,0,0,66000
262,366,0,0,66000
262,367,0,0,66000
262,368,0,0,66000
262,369,0,0,66000
262,370,0,0,66000
262,371,0,0,66000
262,372,0,0,66000
262,373,0,0,66000
262,374,0,0,66000
262,375,0,0,66000
262,376,0,0,66000
262,377,0,0,66000
262,378,0,0,66000
262,379,0,0,66000
262,380,0,0,66000
681,320,0,0,66000
681,321,0,0,66000
681,322,0,0,66000
681,323,0,0,66000
681,324,0,0,66000
681,325,0,0,66000
681,326,0,0,66000
681,327,0,0,66000
681,328,0,0,66000
681,329,0,0,66000
681,330,0,0,66000
681,331,0,0,66000
681,332,0,0,66000
681,333,0,0,66000
681,334,0,0,66000
681,335,0,0,66000
681,336,0,0,66000
681,337,0,0,66000
681,338,0,0,66000
681,339,0,0,66000
681,340,0,0,66000
681,341,0,0,66000
681,342,0,0,66000
681,343,0,0,66000
681,344,0,0,66000
681,345,0,0,66000
681,346,0,0,66000
681,347,0,0,66000
681,348,0,0,66000
681,349,0,0,66000
681,350,0,0,66000
681,351,0,0,66000
681,352,0,0,66000
681,353,0,0,66000
681,354,0,0,66000
681,355,0,0,66000
681,356,0,0,66000
681,357,0,0,66000
681,358,0,0,66000
681,359,0,0,66000
681,360,0,0,66000
681,361,0,0,66000
681,362,0,0,66000
681,363,0,0,66000
681,364,0,0,66000
681,365,0,0,66000
681,366,0,0,66000
681,367,0,0,66000
681,368,0,0,66000
681,369,0,0,66000
681,370,0,0,66000
681,371,0,0,66000
681,372,0,0,66000
681,373,0,0,66000
681,374,0,0,66000
681,375,0,0,66000
681,376,0,0,66000
681,377,0,0,66000
681,378,0,0,66000
681,379,0,0,66000
681,380,0,0,66000
1985,320,0,0,66000
1985,321,0,0,66000
1985,322,0,0,66000
1985,323,0,0,66000
1985,324,0,0,66000
1985,325,0,0,66000
1985,326,0,0,66000
1985,327,0,0,66000
1985,328,0,0,66000
1985,329,0,0,66000
1985,330,0,0,66000
1985,331,0,0,66000
1985,332,0,0,66000
1985,333,0,0,66000
1985,334,0,0,66000
1985,335,0,0,66000
1985,336,0,0,66000
1985,337,0,0,66000
1985,338,0,0,66000
1985,339,0,0,66000
1985,340,0,0,66000
1985,341,0,0,66000
1985,342,0,0,66000
1985,343,0,0,66000
1985,344,0,0,66000
1985,345,0,0,66000
1985,346,0,0,66000
1985,347,0,0,66000
1985,348,0,0,66000
1985,349,0,0,66000
1985,350,0,0,66000
1985,351,0,0,66000
1985,352,0,0,66000
1985,353,0,0,66000
1985,354,0,0,66000
1985,355,0,0,66000
1985,356,0,0,66000
1985,357,0,0,66000
1985,358,0,0,66000
1985,359,0,0,66000
1985,360,0,0,66000
1985,361,0,0,66000
1985,362,0,0,66000
1985,363,0,0,66000
1985,364,0,0,66000
1985,365,0,0,66000
1985,366,0,0,66000
1985,367,0,0,66000
1985,368,0,0,66000
1985,369,0,0,66000
1985,370,0,0,66000
1985,371,0,0,66000
1985,372,0,0,66000
1985,373,0,0,66000
1985,374,0,0,66000
1985,375,0,0,66000
1985,376,0,0,66000
1985,377,0,0,66000
1985,378,0,0,66000
1985,379,0,0,66000
1985,380,0,0,66000
1144,320,0,0,66000
1144,321,0,0,66000
1144,322,0,0,66000
1144,323,0,0,66000
1144,324,0,0,66000
1144,325,0,0,66000
1144,326,0,0,66000
1144,327,0,0,66000
1144,328,0,0,66000
1144,329,0,0,66000
1144,330,0,0,66000
1144,331,0,0,66000
1144,332,0,0,66000
1144,333,0,0,66000
1144,334,0,0,66000
1144,335,0,0,66000
1144,336,0,0,66000
1144,337,0,0,66000
1144,338,0,0,66000
1144,339,0,0,66000
1144,340,0,0,66000
1144,341,0,0,66000
1144,342,0,0,66000
1144,343,0,0,66000
1144,344,0,0,66000
1144,345,0,0,66000
1144,346,0,0,66000
1144,347,0,0,66000
1144,348,0,0,66000
1144,349,0,0,66000
1144,350,0,0,66000
1144,351,0,0,66000
1144,352,0,0,66000
1144,353,0,0,66000
1144,354,0,0,66000
1144,355,0,0,66000
1144,356,0,0,66000
1144,357,0,0,66000
1144,358,0,0,66000
1144,359,0,0,66000
1144,360,0,0,66000
1144,361,0,0,66000
1144,362,0,0,66000
1144,363,0,0,66000
1144,364,0,0,66000
1144,365,0,0,66000
1144,366,0,0,66000
1144,367,0,0,66000
1144,368,0,0,66000
1144,369,0,0,66000
1144,370,0,0,66000
1144,371,0,0,66000
1144,372,0,0,66000
1144,373,0,0,66000
1144,374,0,0,66000
1144,375,0,0,66000
1144,376,0,0,66000
1144,377,0,0,66000
1144,378,0,0,66000
1144,379,0,0,66000
1144,380,0,0,66000
942,320,0,0,66000
942,321,0,0,66000
942,322,0,0,66000
942,323,0,0,66000
942,324,0,0,66000
942,325,0,0,66000
942,326,0,0,66000
942,327,0,0,66000
942,328,0,0,66000
942,329,0,0,66000
942,330,0,0,66000
942,331,0,0,66000
942,332,0,0,66000
942,333,0,0,66000
942,334,0,0,66000
942,335,0,0,66000
942,336,0,0,66000
942,337,0,0,66000
942,338,0,0,66000
942,339,0,0,66000
942,340,0,0,66000
942,341,0,0,66000
942,342,0,0,66000
942,343,0,0,66000
942,344,0,0,66000
942,345,0,0,66000
942,346,0,0,66000
942,347,0,0,66000
942,348,0,0,66000
942,349,0,0,66000
942,350,0,0,66000
942,351,0,0,66000
942,352,0,0,66000
942,353,0,0,66000
942,354,0,0,66000
942,355,0,0,66000
942,356,0,0,66000
942,357,0,0,66000
942,358,0,0,66000
942,359,0,0,66000
942,360,0,0,66000
942,361,0,0,66000
942,362,0,0,66000
942,363,0,0,66000
942,364,0,0,66000
942,365,0,0,66000
942,366,0,0,66000
942,367,0,0,66000
942,368,0,0,66000
942,369,0,0,66000
942,370,0,0,66000
942,371,0,0,66000
942,372,0,0,66000
942,373,0,0,66000
942,374,0,0,66000
942,375,0,0,66000
942,376,0,0,66000
942,377,0,0,66000
942,378,0,0,66000
942,379,0,0,66000
942,380,0,0,66000
1219,320,0,0,66000
1219,321,0,0,66000
1219,322,0,0,66000
1219,323,0,0,66000
1219,324,0,0,66000
1219,325,0,0,66000
1219,326,0,0,66000
1219,327,0,0,66000
1219,328,0,0,66000
1219,329,0,0,66000
1219,330,0,0,66000
1219,331,0,0,66000
1219,332,0,0,66000
1219,333,0,0,66000
1219,334,0,0,66000
1219,335,0,0,66000
1219,336,0,0,66000
1219,337,0,0,66000
1219,338,0,0,66000
1219,339,0,0,66000
1219,340,0,0,66000
1219,341,0,0,66000
1219,342,0,0,66000
1219,343,0,0,66000
1219,344,0,0,66000
1219,345,0,0,66000
1219,346,0,0,66000
1219,347,0,0,66000
1219,348,0,0,66000
1219,349,0,0,66000
1219,350,0,0,66000
1219,351,0,0,66000
1219,352,0,0,66000
1219,353,0,0,66000
1219,354,0,0,66000
1219,355,0,0,66000
1219,356,0,0,66000
1219,357,0,0,66000
1219,358,0,0,66000
1219,359,0,0,66000
1219,360,0,0,66000
1219,361,0,0,66000
1219,362,0,0,66000
1219,363,0,0,66000
1219,364,0,0,66000
1219,365,0,0,66000
1219,366,0,0,66000
1219,367,0,0,66000
1219,368,0,0,66000
1219,369,0,0,66000
1219,370,0,0,66000
1219,371,0,0,66000
1219,372,0,0,66000
1219,373,0,0,66000
1219,374,0,0,66000
1219,375,0,0,66000
1219,376,0,0,66000
1219,377,0,0,66000
1219,378,0,0,66000
1219,379,0,0,66000
1219,380,0,0,66000
1417,320,0,0,66000
1417,321,0,0,66000
1417,322,0,0,66000
1417,323,0,0,66000
1417,324,0,0,66000
1417,325,0,0,66000
1417,326,0,0,66000
1417,327,0,0,66000
1417,328,0,0,66000
1417,329,0,0,66000
1417,330,0,0,66000
1417,331,0,0,66000
1417,332,0,0,66000
1417,333,0,0,66000
1417,334,0,0,66000
1417,335,0,0,66000
1417,336,0,0,66000
1417,337,0,0,66000
1417,338,0,0,66000
1417,339,0,0,66000
1417,340,0,0,66000
1417,341,0,0,66000
1417,342,0,0,66000
1417,343,0,0,66000
1417,344,0,0,66000
1417,345,0,0,66000
1417,346,0,0,66000
1417,347,0,0,66000
1417,348,0,0,66000
1417,349,0,0,66000
1417,350,0,0,66000
1417,351,0,0,66000
1417,352,0,0,66000
1417,353,0,0,66000
1417,354,0,0,66000
1417,355,0,0,66000
1417,356,0,0,66000
1417,357,0,0,66000
1417,358,0,0,66000
1417,359,0,0,66000
1417,360,0,0,66000
1417,361,0,0,66000
1417,362,0,0,66000
1417,363,0,0,66000
1417,364,0,0,66000
1417,365,0,0,66000
1417,366,0,0,66000
1417,367,0,0,66000
1417,368,0,0,66000
1417,369,0,0,66000
1417,370,0,0,66000
1417,371,0,0,66000
1417,372,0,0,66000
1417,373,0,0,66000
1417,374,0,0,66000
1417,375,0,0,66000
1417,376,0,0,66000
1417,377,0,0,66000
1417,378,0,0,66000
1417,379,0,0,66000
1417,380,0,0,66000
1221,320,0,0,66000
1221,321,0,0,66000
1221,322,0,0,66000
1221,323,0,0,66000
1221,324,0,0,66000
1221,325,0,0,66000
1221,326,0,0,66000
1221,327,0,0,66000
1221,328,0,0,66000
1221,329,0,0,66000
1221,330,0,0,66000
1221,331,0,0,66000
1221,332,0,0,66000
1221,333,0,0,66000
1221,334,0,0,66000
1221,335,0,0,66000
1221,336,0,0,66000
1221,337,0,0,66000
1221,338,0,0,66000
1221,339,0,0,66000
1221,340,0,0,66000
1221,341,0,0,66000
1221,342,0,0,66000
1221,343,0,0,66000
1221,344,0,0,66000
1221,345,0,0,66000
1221,346,0,0,66000
1221,347,0,0,66000
1221,348,0,0,66000
1221,349,0,0,66000
1221,350,0,0,66000
1221,351,0,0,66000
1221,352,0,0,66000
1221,353,0,0,66000
1221,354,0,0,66000
1221,355,0,0,66000
1221,356,0,0,66000
1221,357,0,0,66000
1221,358,0,0,66000
1221,359,0,0,66000
1221,360,0,0,66000
1221,361,0,0,66000
1221,362,0,0,66000
1221,363,0,0,66000
1221,364,0,0,66000
1221,365,0,0,66000
1221,366,0,0,66000
1221,367,0,0,66000
1221,368,0,0,66000
1221,369,0,0,66000
1221,370,0,0,66000
1221,371,0,0,66000
1221,372,0,0,66000
1221,373,0,0,66000
1221,374,0,0,66000
1221,375,0,0,66000
1221,376,0,0,66000
1221,377,0,0,66000
1221,378,0,0,66000
1221,379,0,0,66000
1221,380,0,0,66000
1392,320,0,0,66000
1392,321,0,0,66000
1392,322,0,0,66000
1392,323,0,0,66000
1392,324,0,0,66000
1392,325,0,0,66000
1392,326,0,0,66000
1392,327,0,0,66000
1392,328,0,0,66000
1392,329,0,0,66000
1392,330,0,0,66000
1392,331,0,0,66000
1392,332,0,0,66000
1392,333,0,0,66000
1392,334,0,0,66000
1392,335,0,0,66000
1392,336,0,0,66000
1392,337,0,0,66000
1392,338,0,0,66000
1392,339,0,0,66000
1392,340,0,0,66000
1392,341,0,0,66000
1392,342,0,0,66000
1392,343,0,0,66000
1392,344,0,0,66000
1392,345,0,0,66000
1392,346,0,0,66000
1392,347,0,0,66000
1392,348,0,0,66000
1392,349,0,0,66000
1392,350,0,0,66000
1392,351,0,0,66000
1392,352,0,0,66000
1392,353,0,0,66000
1392,354,0,0,66000
1392,355,0,0,66000
1392,356,0,0,66000
1392,357,0,0,66000
1392,358,0,0,66000
1392,359,0,0,66000
1392,360,0,0,66000
1392,361,0,0,66000
1392,362,0,0,66000
1392,363,0,0,66000
1392,364,0,0,66000
1392,365,0,0,66000
1392,366,0,0,66000
1392,367,0,0,66000
1392,368,0,0,66000
1392,369,0,0,66000
1392,370,0,0,66000
1392,371,0,0,66000
1392,372,0,0,66000
1392,373,0,0,66000
1392,374,0,0,66000
1392,375,0,0,66000
1392,376,0,0,66000
1392,377,0,0,66000
1392,378,0,0,66000
1392,379,0,0,66000
1392,380,0,0,66000
1437,320,0,0,66000
1437,321,0,0,66000
1437,322,0,0,66000
1437,323,0,0,66000
1437,324,0,0,66000
1437,325,0,0,66000
1437,326,0,0,66000
1437,327,0,0,66000
1437,328,0,0,66000
1437,329,0,0,66000
1437,330,0,0,66000
1437,331,0,0,66000
1437,332,0,0,66000
1437,333,0,0,66000
1437,334,0,0,66000
1437,335,0,0,66000
1437,336,0,0,66000
1437,337,0,0,66000
1437,338,0,0,66000
1437,339,0,0,66000
1437,340,0,0,66000
1437,341,0,0,66000
1437,342,0,0,66000
1437,343,0,0,66000
1437,344,0,0,66000
1437,345,0,0,66000
1437,346,0,0,66000
1437,347,0,0,66000
1437,348,0,0,66000
1437,349,0,0,66000
1437,350,0,0,66000
1437,351,0,0,66000
1437,352,0,0,66000
1437,353,0,0,66000
1437,354,0,0,66000
1437,355,0,0,66000
1437,356,0,0,66000
1437,357,0,0,66000
1437,358,0,0,66000
1437,359,0,0,66000
1437,360,0,0,66000
1437,361,0,0,66000
1437,362,0,0,66000
1437,363,0,0,66000
1437,364,0,0,66000
1437,365,0,0,66000
1437,366,0,0,66000
1437,367,0,0,66000
1437,368,0,0,66000
1437,369,0,0,66000
1437,370,0,0,66000
1437,371,0,0,66000
1437,372,0,0,66000
1437,373,0,0,66000
1437,374,0,0,66000
1437,375,0,0,66000
1437,376,0,0,66000
1437,377,0,0,66000
1437,378,0,0,66000
1437,379,0,0,66000
1437,380,0,0,66000
1418,320,0,0,66000
1418,321,0,0,66000
1418,322,0,0,66000
1418,323,0,0,66000
1418,324,0,0,66000
1418,325,0,0,66000
1418,326,0,0,66000
1418,327,0,0,66000
1418,328,0,0,66000
1418,329,0,0,66000
1418,330,0,0,66000
1418,331,0,0,66000
1418,332,0,0,66000
1418,333,0,0,66000
1418,334,0,0,66000
1418,335,0,0,66000
1418,336,0,0,66000
1418,337,0,0,66000
1418,338,0,0,66000
1418,339,0,0,66000
1418,340,0,0,66000
1418,341,0,0,66000
1418,342,0,0,66000
1418,343,0,0,66000
1418,344,0,0,66000
1418,345,0,0,66000
1418,346,0,0,66000
1418,347,0,0,66000
1418,348,0,0,66000
1418,349,0,0,66000
1418,350,0,0,66000
1418,351,0,0,66000
1418,352,0,0,66000
1418,353,0,0,66000
1418,354,0,0,66000
1418,355,0,0,66000
1418,356,0,0,66000
1418,357,0,0,66000
1418,358,0,0,66000
1418,359,0,0,66000
1418,360,0,0,66000
1418,361,0,0,66000
1418,362,0,0,66000
1418,363,0,0,66000
1418,364,0,0,66000
1418,365,0,0,66000
1418,366,0,0,66000
1418,367,0,0,66000
1418,368,0,0,66000
1418,369,0,0,66000
1418,370,0,0,66000
1418,371,0,0,66000
1418,372,0,0,66000
1418,373,0,0,66000
1418,374,0,0,66000
1418,375,0,0,66000
1418,376,0,0,66000
1418,377,0,0,66000
1418,378,0,0,66000
1418,379,0,0,66000
1418,380,0,0,66000
1220,320,0,0,66000
1220,321,0,0,66000
1220,322,0,0,66000
1220,323,0,0,66000
1220,324,0,0,66000
1220,325,0,0,66000
1220,326,0,0,66000
1220,327,0,0,66000
1220,328,0,0,66000
1220,329,0,0,66000
1220,330,0,0,66000
1220,331,0,0,66000
1220,332,0,0,66000
1220,333,0,0,66000
1220,334,0,0,66000
1220,335,0,0,66000
1220,336,0,0,66000
1220,337,0,0,66000
1220,338,0,0,66000
1220,339,0,0,66000
1220,340,0,0,66000
1220,341,0,0,66000
1220,342,0,0,66000
1220,343,0,0,66000
1220,344,0,0,66000
1220,345,0,0,66000
1220,346,0,0,66000
1220,347,0,0,66000
1220,348,0,0,66000
1220,349,0,0,66000
1220,350,0,0,66000
1220,351,0,0,66000
1220,352,0,0,66000
1220,353,0,0,66000
1220,354,0,0,66000
1220,355,0,0,66000
1220,356,0,0,66000
1220,357,0,0,66000
1220,358,0,0,66000
1220,359,0,0,66000
1220,360,0,0,66000
1220,361,0,0,66000
1220,362,0,0,66000
1220,363,0,0,66000
1220,364,0,0,66000
1220,365,0,0,66000
1220,366,0,0,66000
1220,367,0,0,66000
1220,368,0,0,66000
1220,369,0,0,66000
1220,370,0,0,66000
1220,371,0,0,66000
1220,372,0,0,66000
1220,373,0,0,66000
1220,374,0,0,66000
1220,375,0,0,66000
1220,376,0,0,66000
1220,377,0,0,66000
1220,378,0,0,66000
1220,379,0,0,66000
1220,380,0,0,66000
392,320,0,0,66000
392,321,0,0,66000
392,322,0,0,66000
392,323,0,0,66000
392,324,0,0,66000
392,325,0,0,66000
392,326,0,0,66000
392,327,0,0,66000
392,328,0,0,66000
392,329,0,0,66000
392,330,0,0,66000
392,331,0,0,66000
392,332,0,0,66000
392,333,0,0,66000
392,334,0,0,66000
392,335,0,0,66000
392,336,0,0,66000
392,337,0,0,66000
392,338,0,0,66000
392,339,0,0,66000
392,340,0,0,66000
392,341,0,0,66000
392,342,0,0,66000
392,343,0,0,66000
392,344,0,0,66000
392,345,0,0,66000
392,346,0,0,66000
392,347,0,0,66000
392,348,0,0,66000
392,349,0,0,66000
392,350,0,0,66000
392,351,0,0,66000
392,352,0,0,66000
392,353,0,0,66000
392,354,0,0,66000
392,355,0,0,66000
392,356,0,0,66000
392,357,0,0,66000
392,358,0,0,66000
392,359,0,0,66000
392,360,0,0,66000
392,361,0,0,66000
392,362,0,0,66000
392,363,0,0,66000
392,364,0,0,66000
392,365,0,0,66000
392,366,0,0,66000
392,367,0,0,66000
392,368,0,0,66000
392,369,0,0,66000
392,370,0,0,66000
392,371,0,0,66000
392,372,0,0,66000
392,373,0,0,66000
392,374,0,0,66000
392,375,0,0,66000
392,376,0,0,66000
392,377,0,0,66000
392,378,0,0,66000
392,379,0,0,66000
392,380,0,0,66000
455,320,0,0,66000
455,321,0,0,66000
455,322,12500,1,66000
455,323,12500,1,66000
455,324,12500,1,66000
455,325,12500,1,66000
455,326,12500,1,66000
455,327,12500,1,66000
455,328,0,0,66000
455,329,0,0,66000
455,330,0,0,66000
455,331,0,0,66000
455,332,0,0,66000
455,333,0,0,66000
455,334,0,0,66000
455,335,0,0,66000
455,336,0,0,66000
455,337,0,0,66000
455,338,0,0,66000
455,339,0,0,66000
455,340,0,0,66000
455,341,0,0,66000
455,342,0,0,66000
455,343,0,0,66000
455,344,0,0,66000
455,345,0,0,66000
455,346,0,0,66000
455,347,0,0,66000
455,348,0,0,66000
455,349,0,0,66000
455,350,0,0,66000
455,351,0,0,66000
455,352,0,0,66000
455,353,0,0,66000
455,354,0,0,66000
455,355,0,0,66000
455,356,0,0,66000
455,357,0,0,66000
455,358,0,0,66000
455,359,0,0,66000
455,360,0,0,66000
455,361,0,0,66000
455,362,0,0,66000
455,363,0,0,66000
455,364,0,0,66000
455,365,0,0,66000
455,366,0,0,66000
455,367,0,0,66000
455,368,0,0,66000
455,369,0,0,66000
455,370,0,0,66000
455,371,0,0,66000
455,372,0,0,66000
455,373,0,0,66000
455,374,0,0,66000
455,375,0,0,66000
455,376,0,0,66000
455,377,0,0,66000
455,378,0,0,66000
455,379,0,0,66000
455,380,0,0,66000
1172,320,0,0,66000
1172,321,0,0,66000
1172,322,0,0,66000
1172,323,0,0,66000
1172,324,0,0,66000
1172,325,0,0,66000
1172,326,0,0,66000
1172,327,0,0,66000
1172,328,0,0,66000
1172,329,0,0,66000
1172,330,0,0,66000
1172,331,0,0,66000
1172,332,0,0,66000
1172,333,0,0,66000
1172,334,0,0,66000
1172,335,0,0,66000
1172,336,0,0,66000
1172,337,0,0,66000
1172,338,0,0,66000
1172,339,0,0,66000
1172,340,0,0,66000
1172,341,0,0,66000
1172,342,0,0,66000
1172,343,0,0,66000
1172,344,0,0,66000
1172,345,0,0,66000
1172,346,0,0,66000
1172,347,0,0,66000
1172,348,0,0,66000
1172,349,0,0,66000
1172,350,0,0,66000
1172,351,0,0,66000
1172,352,0,0,66000
1172,353,0,0,66000
1172,354,0,0,66000
1172,355,0,0,66000
1172,356,0,0,66000
1172,357,0,0,66000
1172,358,0,0,66000
1172,359,0,0,66000
1172,360,0,0,66000
1172,361,0,0,66000
1172,362,0,0,66000
1172,363,0,0,66000
1172,364,0,0,66000
1172,365,0,0,66000
1172,366,0,0,66000
1172,367,0,0,66000
1172,368,0,0,66000
1172,369,0,0,66000
1172,370,0,0,66000
1172,371,0,0,66000
1172,372,0,0,66000
1172,373,0,0,66000
1172,374,0,0,66000
1172,375,0,0,66000
1172,376,0,0,66000
1172,377,0,0,66000
1172,378,0,0,66000
1172,379,0,0,66000
1172,380,0,0,66000
2377,320,0,0,66000
2377,321,0,0,66000
2377,322,0,0,66000
2377,323,0,0,66000
2377,324,0,0,66000
2377,325,0,0,66000
2377,326,0,0,66000
2377,327,0,0,66000
2377,328,0,0,66000
2377,329,0,0,66000
2377,330,0,0,66000
2377,331,0,0,66000
2377,332,0,0,66000
2377,333,0,0,66000
2377,334,0,0,66000
2377,335,0,0,66000
2377,336,0,0,66000
2377,337,0,0,66000
2377,338,0,0,66000
2377,339,0,0,66000
2377,340,0,0,66000
2377,341,0,0,66000
2377,342,0,0,66000
2377,343,0,0,66000
2377,344,0,0,66000
2377,345,0,0,66000
2377,346,0,0,66000
2377,347,0,0,66000
2377,348,0,0,66000
2377,349,0,0,66000
2377,350,0,0,66000
2377,351,0,0,66000
2377,352,0,0,66000
2377,353,0,0,66000
2377,354,0,0,66000
2377,355,0,0,66000
2377,356,0,0,66000
2377,357,0,0,66000
2377,358,0,0,66000
2377,359,0,0,66000
2377,360,0,0,66000
2377,361,0,0,66000
2377,362,0,0,66000
2377,363,0,0,66000
2377,364,0,0,66000
2377,365,0,0,66000
2377,366,0,0,66000
2377,367,0,0,66000
2377,368,0,0,66000
2377,369,0,0,66000
2377,370,0,0,66000
2377,371,0,0,66000
2377,372,0,0,66000
2377,373,0,0,66000
2377,374,0,0,66000
2377,375,0,0,66000
2377,376,0,0,66000
2377,377,0,0,66000
2377,378,0,0,66000
2377,379,0,0,66000
2377,380,0,0,66000
138,320,0,0,66000
138,321,0,0,66000
138,322,0,0,66000
138,323,0,0,66000
138,324,0,0,66000
138,325,0,0,66000
138,326,0,0,66000
138,327,0,0,66000
138,328,0,0,66000
138,329,0,0,66000
138,330,0,0,66000
138,331,0,0,66000
138,332,0,0,66000
138,333,0,0,66000
138,334,0,0,66000
138,335,0,0,66000
138,336,0,0,66000
138,337,0,0,66000
138,338,0,0,66000
138,339,0,0,66000
138,340,0,0,66000
138,341,0,0,66000
138,342,0,0,66000
138,343,0,0,66000
138,344,0,0,66000
138,345,0,0,66000
138,346,0,0,66000
138,347,0,0,66000
138,348,0,0,66000
138,349,0,0,66000
138,350,0,0,66000
138,351,0,0,66000
138,352,0,0,66000
138,353,0,0,66000
138,354,0,0,66000
138,355,0,0,66000
138,356,0,0,66000
138,357,0,0,66000
138,358,0,0,66000
138,359,0,0,66000
138,360,0,0,66000
138,361,0,0,66000
138,362,0,0,66000
138,363,0,0,66000
138,364,0,0,66000
138,365,0,0,66000
138,366,0,0,66000
138,367,0,0,66000
138,368,0,0,66000
138,369,0,0,66000
138,370,0,0,66000
138,371,0,0,66000
138,372,0,0,66000
138,373,0,0,66000
138,374,0,0,66000
138,375,0,0,66000
138,376,0,0,66000
138,377,0,0,66000
138,378,0,0,66000
138,379,0,0,66000
138,380,0,0,66000
2633,320,0,0,66000
2633,321,0,0,66000
2633,322,0,0,66000
2633,323,0,0,66000
2633,324,0,0,66000
2633,325,0,0,66000
2633,326,0,0,66000
2633,327,0,0,66000
2633,328,0,0,66000
2633,329,0,0,66000
2633,330,0,0,66000
2633,331,0,0,66000
2633,332,0,0,66000
2633,333,0,0,66000
2633,334,0,0,66000
2633,335,0,0,66000
2633,336,0,0,66000
2633,337,0,0,66000
2633,338,0,0,66000
2633,339,0,0,66000
2633,340,0,0,66000
2633,341,0,0,66000
2633,342,0,0,66000
2633,343,0,0,66000
2633,344,0,0,66000
2633,345,0,0,66000
2633,346,0,0,66000
2633,347,0,0,66000
2633,348,0,0,66000
2633,349,0,0,66000
2633,350,0,0,66000
2633,351,0,0,66000
2633,352,0,0,66000
2633,353,0,0,66000
2633,354,0,0,66000
2633,355,0,0,66000
2633,356,0,0,66000
2633,357,0,0,66000
2633,358,0,0,66000
2633,359,0,0,66000
2633,360,0,0,66000
2633,361,0,0,66000
2633,362,0,0,66000
2633,363,0,0,66000
2633,364,0,0,66000
2633,365,0,0,66000
2633,366,0,0,66000
2633,367,0,0,66000
2633,368,0,0,66000
2633,369,0,0,66000
2633,370,0,0,66000
2633,371,0,0,66000
2633,372,0,0,66000
2633,373,0,0,66000
2633,374,0,0,66000
2633,375,0,0,66000
2633,376,0,0,66000
2633,377,0,0,66000
2633,378,0,0,66000
2633,379,0,0,66000
2633,380,0,0,66000
2295,320,0,0,66000
2295,321,0,0,66000
2295,322,0,0,66000
2295,323,0,0,66000
2295,324,0,0,66000
2295,325,0,0,66000
2295,326,0,0,66000
2295,327,0,0,66000
2295,328,0,0,66000
2295,329,0,0,66000
2295,330,0,0,66000
2295,331,0,0,66000
2295,332,0,0,66000
2295,333,0,0,66000
2295,334,0,0,66000
2295,335,0,0,66000
2295,336,12500,1,66000
2295,337,12500,1,66000
2295,338,12500,1,66000
2295,339,12500,1,66000
2295,340,12500,1,66000
2295,341,12500,1,66000
2295,342,12500,1,66000
2295,343,12500,1,66000
2295,344,12500,1,66000
2295,345,12500,1,66000
2295,346,12500,1,66000
2295,347,12500,1,66000
2295,348,12500,1,66000
2295,349,12500,1,66000
2295,350,12500,1,66000
2295,351,0,0,66000
2295,352,0,0,66000
2295,353,0,0,66000
2295,354,0,0,66000
2295,355,0,0,66000
2295,356,0,0,66000
2295,357,0,0,66000
2295,358,0,0,66000
2295,359,0,0,66000
2295,360,0,0,66000
2295,361,0,0,66000
2295,362,0,0,66000
2295,363,0,0,66000
2295,364,0,0,66000
2295,365,0,0,66000
2295,366,0,0,66000
2295,367,0,0,66000
2295,368,0,0,66000
2295,369,0,0,66000
2295,370,0,0,66000
2295,371,0,0,66000
2295,372,0,0,66000
2295,373,0,0,66000
2295,374,0,0,66000
2295,375,0,0,66000
2295,376,0,0,66000
2295,377,0,0,66000
2295,378,0,0,66000
2295,379,0,0,66000
2295,380,0,0,66000
